"","DateField","CPIAUCNS","DFF","FEDFUNDS","GDPDEF","GDPC96","U6RATE"
"1",1913-01-01,9.8,NA,NA,NA,NA,NA
"2",1913-02-01,9.8,NA,NA,NA,NA,NA
"3",1913-03-01,9.8,NA,NA,NA,NA,NA
"4",1913-04-01,9.8,NA,NA,NA,NA,NA
"5",1913-05-01,9.7,NA,NA,NA,NA,NA
"6",1913-06-01,9.8,NA,NA,NA,NA,NA
"7",1913-07-01,9.9,NA,NA,NA,NA,NA
"8",1913-08-01,9.9,NA,NA,NA,NA,NA
"9",1913-09-01,10,NA,NA,NA,NA,NA
"10",1913-10-01,10,NA,NA,NA,NA,NA
"11",1913-11-01,10.1,NA,NA,NA,NA,NA
"12",1913-12-01,10,NA,NA,NA,NA,NA
"13",1914-01-01,10,NA,NA,NA,NA,NA
"14",1914-02-01,9.9,NA,NA,NA,NA,NA
"15",1914-03-01,9.9,NA,NA,NA,NA,NA
"16",1914-04-01,9.8,NA,NA,NA,NA,NA
"17",1914-05-01,9.9,NA,NA,NA,NA,NA
"18",1914-06-01,9.9,NA,NA,NA,NA,NA
"19",1914-07-01,10,NA,NA,NA,NA,NA
"20",1914-08-01,10.2,NA,NA,NA,NA,NA
"21",1914-09-01,10.2,NA,NA,NA,NA,NA
"22",1914-10-01,10.1,NA,NA,NA,NA,NA
"23",1914-11-01,10.2,NA,NA,NA,NA,NA
"24",1914-12-01,10.1,NA,NA,NA,NA,NA
"25",1915-01-01,10.1,NA,NA,NA,NA,NA
"26",1915-02-01,10,NA,NA,NA,NA,NA
"27",1915-03-01,9.9,NA,NA,NA,NA,NA
"28",1915-04-01,10,NA,NA,NA,NA,NA
"29",1915-05-01,10.1,NA,NA,NA,NA,NA
"30",1915-06-01,10.1,NA,NA,NA,NA,NA
"31",1915-07-01,10.1,NA,NA,NA,NA,NA
"32",1915-08-01,10.1,NA,NA,NA,NA,NA
"33",1915-09-01,10.1,NA,NA,NA,NA,NA
"34",1915-10-01,10.2,NA,NA,NA,NA,NA
"35",1915-11-01,10.3,NA,NA,NA,NA,NA
"36",1915-12-01,10.3,NA,NA,NA,NA,NA
"37",1916-01-01,10.4,NA,NA,NA,NA,NA
"38",1916-02-01,10.4,NA,NA,NA,NA,NA
"39",1916-03-01,10.5,NA,NA,NA,NA,NA
"40",1916-04-01,10.6,NA,NA,NA,NA,NA
"41",1916-05-01,10.7,NA,NA,NA,NA,NA
"42",1916-06-01,10.8,NA,NA,NA,NA,NA
"43",1916-07-01,10.8,NA,NA,NA,NA,NA
"44",1916-08-01,10.9,NA,NA,NA,NA,NA
"45",1916-09-01,11.1,NA,NA,NA,NA,NA
"46",1916-10-01,11.3,NA,NA,NA,NA,NA
"47",1916-11-01,11.5,NA,NA,NA,NA,NA
"48",1916-12-01,11.6,NA,NA,NA,NA,NA
"49",1917-01-01,11.7,NA,NA,NA,NA,NA
"50",1917-02-01,12,NA,NA,NA,NA,NA
"51",1917-03-01,12,NA,NA,NA,NA,NA
"52",1917-04-01,12.6,NA,NA,NA,NA,NA
"53",1917-05-01,12.8,NA,NA,NA,NA,NA
"54",1917-06-01,13,NA,NA,NA,NA,NA
"55",1917-07-01,12.8,NA,NA,NA,NA,NA
"56",1917-08-01,13,NA,NA,NA,NA,NA
"57",1917-09-01,13.3,NA,NA,NA,NA,NA
"58",1917-10-01,13.5,NA,NA,NA,NA,NA
"59",1917-11-01,13.5,NA,NA,NA,NA,NA
"60",1917-12-01,13.7,NA,NA,NA,NA,NA
"61",1918-01-01,14,NA,NA,NA,NA,NA
"62",1918-02-01,14.1,NA,NA,NA,NA,NA
"63",1918-03-01,14,NA,NA,NA,NA,NA
"64",1918-04-01,14.2,NA,NA,NA,NA,NA
"65",1918-05-01,14.5,NA,NA,NA,NA,NA
"66",1918-06-01,14.7,NA,NA,NA,NA,NA
"67",1918-07-01,15.1,NA,NA,NA,NA,NA
"68",1918-08-01,15.4,NA,NA,NA,NA,NA
"69",1918-09-01,15.7,NA,NA,NA,NA,NA
"70",1918-10-01,16,NA,NA,NA,NA,NA
"71",1918-11-01,16.3,NA,NA,NA,NA,NA
"72",1918-12-01,16.5,NA,NA,NA,NA,NA
"73",1919-01-01,16.5,NA,NA,NA,NA,NA
"74",1919-02-01,16.2,NA,NA,NA,NA,NA
"75",1919-03-01,16.4,NA,NA,NA,NA,NA
"76",1919-04-01,16.7,NA,NA,NA,NA,NA
"77",1919-05-01,16.9,NA,NA,NA,NA,NA
"78",1919-06-01,16.9,NA,NA,NA,NA,NA
"79",1919-07-01,17.4,NA,NA,NA,NA,NA
"80",1919-08-01,17.7,NA,NA,NA,NA,NA
"81",1919-09-01,17.8,NA,NA,NA,NA,NA
"82",1919-10-01,18.1,NA,NA,NA,NA,NA
"83",1919-11-01,18.5,NA,NA,NA,NA,NA
"84",1919-12-01,18.9,NA,NA,NA,NA,NA
"85",1920-01-01,19.3,NA,NA,NA,NA,NA
"86",1920-02-01,19.5,NA,NA,NA,NA,NA
"87",1920-03-01,19.7,NA,NA,NA,NA,NA
"88",1920-04-01,20.3,NA,NA,NA,NA,NA
"89",1920-05-01,20.6,NA,NA,NA,NA,NA
"90",1920-06-01,20.9,NA,NA,NA,NA,NA
"91",1920-07-01,20.8,NA,NA,NA,NA,NA
"92",1920-08-01,20.3,NA,NA,NA,NA,NA
"93",1920-09-01,20,NA,NA,NA,NA,NA
"94",1920-10-01,19.9,NA,NA,NA,NA,NA
"95",1920-11-01,19.8,NA,NA,NA,NA,NA
"96",1920-12-01,19.4,NA,NA,NA,NA,NA
"97",1921-01-01,19,NA,NA,NA,NA,NA
"98",1921-02-01,18.4,NA,NA,NA,NA,NA
"99",1921-03-01,18.3,NA,NA,NA,NA,NA
"100",1921-04-01,18.1,NA,NA,NA,NA,NA
"101",1921-05-01,17.7,NA,NA,NA,NA,NA
"102",1921-06-01,17.6,NA,NA,NA,NA,NA
"103",1921-07-01,17.7,NA,NA,NA,NA,NA
"104",1921-08-01,17.7,NA,NA,NA,NA,NA
"105",1921-09-01,17.5,NA,NA,NA,NA,NA
"106",1921-10-01,17.5,NA,NA,NA,NA,NA
"107",1921-11-01,17.4,NA,NA,NA,NA,NA
"108",1921-12-01,17.3,NA,NA,NA,NA,NA
"109",1922-01-01,16.9,NA,NA,NA,NA,NA
"110",1922-02-01,16.9,NA,NA,NA,NA,NA
"111",1922-03-01,16.7,NA,NA,NA,NA,NA
"112",1922-04-01,16.7,NA,NA,NA,NA,NA
"113",1922-05-01,16.7,NA,NA,NA,NA,NA
"114",1922-06-01,16.7,NA,NA,NA,NA,NA
"115",1922-07-01,16.8,NA,NA,NA,NA,NA
"116",1922-08-01,16.6,NA,NA,NA,NA,NA
"117",1922-09-01,16.6,NA,NA,NA,NA,NA
"118",1922-10-01,16.7,NA,NA,NA,NA,NA
"119",1922-11-01,16.8,NA,NA,NA,NA,NA
"120",1922-12-01,16.9,NA,NA,NA,NA,NA
"121",1923-01-01,16.8,NA,NA,NA,NA,NA
"122",1923-02-01,16.8,NA,NA,NA,NA,NA
"123",1923-03-01,16.8,NA,NA,NA,NA,NA
"124",1923-04-01,16.9,NA,NA,NA,NA,NA
"125",1923-05-01,16.9,NA,NA,NA,NA,NA
"126",1923-06-01,17,NA,NA,NA,NA,NA
"127",1923-07-01,17.2,NA,NA,NA,NA,NA
"128",1923-08-01,17.1,NA,NA,NA,NA,NA
"129",1923-09-01,17.2,NA,NA,NA,NA,NA
"130",1923-10-01,17.3,NA,NA,NA,NA,NA
"131",1923-11-01,17.3,NA,NA,NA,NA,NA
"132",1923-12-01,17.3,NA,NA,NA,NA,NA
"133",1924-01-01,17.3,NA,NA,NA,NA,NA
"134",1924-02-01,17.2,NA,NA,NA,NA,NA
"135",1924-03-01,17.1,NA,NA,NA,NA,NA
"136",1924-04-01,17,NA,NA,NA,NA,NA
"137",1924-05-01,17,NA,NA,NA,NA,NA
"138",1924-06-01,17,NA,NA,NA,NA,NA
"139",1924-07-01,17.1,NA,NA,NA,NA,NA
"140",1924-08-01,17,NA,NA,NA,NA,NA
"141",1924-09-01,17.1,NA,NA,NA,NA,NA
"142",1924-10-01,17.2,NA,NA,NA,NA,NA
"143",1924-11-01,17.2,NA,NA,NA,NA,NA
"144",1924-12-01,17.3,NA,NA,NA,NA,NA
"145",1925-01-01,17.3,NA,NA,NA,NA,NA
"146",1925-02-01,17.2,NA,NA,NA,NA,NA
"147",1925-03-01,17.3,NA,NA,NA,NA,NA
"148",1925-04-01,17.2,NA,NA,NA,NA,NA
"149",1925-05-01,17.3,NA,NA,NA,NA,NA
"150",1925-06-01,17.5,NA,NA,NA,NA,NA
"151",1925-07-01,17.7,NA,NA,NA,NA,NA
"152",1925-08-01,17.7,NA,NA,NA,NA,NA
"153",1925-09-01,17.7,NA,NA,NA,NA,NA
"154",1925-10-01,17.7,NA,NA,NA,NA,NA
"155",1925-11-01,18,NA,NA,NA,NA,NA
"156",1925-12-01,17.9,NA,NA,NA,NA,NA
"157",1926-01-01,17.9,NA,NA,NA,NA,NA
"158",1926-02-01,17.9,NA,NA,NA,NA,NA
"159",1926-03-01,17.8,NA,NA,NA,NA,NA
"160",1926-04-01,17.9,NA,NA,NA,NA,NA
"161",1926-05-01,17.8,NA,NA,NA,NA,NA
"162",1926-06-01,17.7,NA,NA,NA,NA,NA
"163",1926-07-01,17.5,NA,NA,NA,NA,NA
"164",1926-08-01,17.4,NA,NA,NA,NA,NA
"165",1926-09-01,17.5,NA,NA,NA,NA,NA
"166",1926-10-01,17.6,NA,NA,NA,NA,NA
"167",1926-11-01,17.7,NA,NA,NA,NA,NA
"168",1926-12-01,17.7,NA,NA,NA,NA,NA
"169",1927-01-01,17.5,NA,NA,NA,NA,NA
"170",1927-02-01,17.4,NA,NA,NA,NA,NA
"171",1927-03-01,17.3,NA,NA,NA,NA,NA
"172",1927-04-01,17.3,NA,NA,NA,NA,NA
"173",1927-05-01,17.4,NA,NA,NA,NA,NA
"174",1927-06-01,17.6,NA,NA,NA,NA,NA
"175",1927-07-01,17.3,NA,NA,NA,NA,NA
"176",1927-08-01,17.2,NA,NA,NA,NA,NA
"177",1927-09-01,17.3,NA,NA,NA,NA,NA
"178",1927-10-01,17.4,NA,NA,NA,NA,NA
"179",1927-11-01,17.3,NA,NA,NA,NA,NA
"180",1927-12-01,17.3,NA,NA,NA,NA,NA
"181",1928-01-01,17.3,NA,NA,NA,NA,NA
"182",1928-02-01,17.1,NA,NA,NA,NA,NA
"183",1928-03-01,17.1,NA,NA,NA,NA,NA
"184",1928-04-01,17.1,NA,NA,NA,NA,NA
"185",1928-05-01,17.2,NA,NA,NA,NA,NA
"186",1928-06-01,17.1,NA,NA,NA,NA,NA
"187",1928-07-01,17.1,NA,NA,NA,NA,NA
"188",1928-08-01,17.1,NA,NA,NA,NA,NA
"189",1928-09-01,17.3,NA,NA,NA,NA,NA
"190",1928-10-01,17.2,NA,NA,NA,NA,NA
"191",1928-11-01,17.2,NA,NA,NA,NA,NA
"192",1928-12-01,17.1,NA,NA,NA,NA,NA
"193",1929-01-01,17.1,NA,NA,NA,NA,NA
"194",1929-02-01,17.1,NA,NA,NA,NA,NA
"195",1929-03-01,17,NA,NA,NA,NA,NA
"196",1929-04-01,16.9,NA,NA,NA,NA,NA
"197",1929-05-01,17,NA,NA,NA,NA,NA
"198",1929-06-01,17.1,NA,NA,NA,NA,NA
"199",1929-07-01,17.3,NA,NA,NA,NA,NA
"200",1929-08-01,17.3,NA,NA,NA,NA,NA
"201",1929-09-01,17.3,NA,NA,NA,NA,NA
"202",1929-10-01,17.3,NA,NA,NA,NA,NA
"203",1929-11-01,17.3,NA,NA,NA,NA,NA
"204",1929-12-01,17.2,NA,NA,NA,NA,NA
"205",1930-01-01,17.1,NA,NA,NA,NA,NA
"206",1930-02-01,17,NA,NA,NA,NA,NA
"207",1930-03-01,16.9,NA,NA,NA,NA,NA
"208",1930-04-01,17,NA,NA,NA,NA,NA
"209",1930-05-01,16.9,NA,NA,NA,NA,NA
"210",1930-06-01,16.8,NA,NA,NA,NA,NA
"211",1930-07-01,16.6,NA,NA,NA,NA,NA
"212",1930-08-01,16.5,NA,NA,NA,NA,NA
"213",1930-09-01,16.6,NA,NA,NA,NA,NA
"214",1930-10-01,16.5,NA,NA,NA,NA,NA
"215",1930-11-01,16.4,NA,NA,NA,NA,NA
"216",1930-12-01,16.1,NA,NA,NA,NA,NA
"217",1931-01-01,15.9,NA,NA,NA,NA,NA
"218",1931-02-01,15.7,NA,NA,NA,NA,NA
"219",1931-03-01,15.6,NA,NA,NA,NA,NA
"220",1931-04-01,15.5,NA,NA,NA,NA,NA
"221",1931-05-01,15.3,NA,NA,NA,NA,NA
"222",1931-06-01,15.1,NA,NA,NA,NA,NA
"223",1931-07-01,15.1,NA,NA,NA,NA,NA
"224",1931-08-01,15.1,NA,NA,NA,NA,NA
"225",1931-09-01,15,NA,NA,NA,NA,NA
"226",1931-10-01,14.9,NA,NA,NA,NA,NA
"227",1931-11-01,14.7,NA,NA,NA,NA,NA
"228",1931-12-01,14.6,NA,NA,NA,NA,NA
"229",1932-01-01,14.3,NA,NA,NA,NA,NA
"230",1932-02-01,14.1,NA,NA,NA,NA,NA
"231",1932-03-01,14,NA,NA,NA,NA,NA
"232",1932-04-01,13.9,NA,NA,NA,NA,NA
"233",1932-05-01,13.7,NA,NA,NA,NA,NA
"234",1932-06-01,13.6,NA,NA,NA,NA,NA
"235",1932-07-01,13.6,NA,NA,NA,NA,NA
"236",1932-08-01,13.5,NA,NA,NA,NA,NA
"237",1932-09-01,13.4,NA,NA,NA,NA,NA
"238",1932-10-01,13.3,NA,NA,NA,NA,NA
"239",1932-11-01,13.2,NA,NA,NA,NA,NA
"240",1932-12-01,13.1,NA,NA,NA,NA,NA
"241",1933-01-01,12.9,NA,NA,NA,NA,NA
"242",1933-02-01,12.7,NA,NA,NA,NA,NA
"243",1933-03-01,12.6,NA,NA,NA,NA,NA
"244",1933-04-01,12.6,NA,NA,NA,NA,NA
"245",1933-05-01,12.6,NA,NA,NA,NA,NA
"246",1933-06-01,12.7,NA,NA,NA,NA,NA
"247",1933-07-01,13.1,NA,NA,NA,NA,NA
"248",1933-08-01,13.2,NA,NA,NA,NA,NA
"249",1933-09-01,13.2,NA,NA,NA,NA,NA
"250",1933-10-01,13.2,NA,NA,NA,NA,NA
"251",1933-11-01,13.2,NA,NA,NA,NA,NA
"252",1933-12-01,13.2,NA,NA,NA,NA,NA
"253",1934-01-01,13.2,NA,NA,NA,NA,NA
"254",1934-02-01,13.3,NA,NA,NA,NA,NA
"255",1934-03-01,13.3,NA,NA,NA,NA,NA
"256",1934-04-01,13.3,NA,NA,NA,NA,NA
"257",1934-05-01,13.3,NA,NA,NA,NA,NA
"258",1934-06-01,13.4,NA,NA,NA,NA,NA
"259",1934-07-01,13.4,NA,NA,NA,NA,NA
"260",1934-08-01,13.4,NA,NA,NA,NA,NA
"261",1934-09-01,13.6,NA,NA,NA,NA,NA
"262",1934-10-01,13.5,NA,NA,NA,NA,NA
"263",1934-11-01,13.5,NA,NA,NA,NA,NA
"264",1934-12-01,13.4,NA,NA,NA,NA,NA
"265",1935-01-01,13.6,NA,NA,NA,NA,NA
"266",1935-02-01,13.7,NA,NA,NA,NA,NA
"267",1935-03-01,13.7,NA,NA,NA,NA,NA
"268",1935-04-01,13.8,NA,NA,NA,NA,NA
"269",1935-05-01,13.8,NA,NA,NA,NA,NA
"270",1935-06-01,13.7,NA,NA,NA,NA,NA
"271",1935-07-01,13.7,NA,NA,NA,NA,NA
"272",1935-08-01,13.7,NA,NA,NA,NA,NA
"273",1935-09-01,13.7,NA,NA,NA,NA,NA
"274",1935-10-01,13.7,NA,NA,NA,NA,NA
"275",1935-11-01,13.8,NA,NA,NA,NA,NA
"276",1935-12-01,13.8,NA,NA,NA,NA,NA
"277",1936-01-01,13.8,NA,NA,NA,NA,NA
"278",1936-02-01,13.8,NA,NA,NA,NA,NA
"279",1936-03-01,13.7,NA,NA,NA,NA,NA
"280",1936-04-01,13.7,NA,NA,NA,NA,NA
"281",1936-05-01,13.7,NA,NA,NA,NA,NA
"282",1936-06-01,13.8,NA,NA,NA,NA,NA
"283",1936-07-01,13.9,NA,NA,NA,NA,NA
"284",1936-08-01,14,NA,NA,NA,NA,NA
"285",1936-09-01,14,NA,NA,NA,NA,NA
"286",1936-10-01,14,NA,NA,NA,NA,NA
"287",1936-11-01,14,NA,NA,NA,NA,NA
"288",1936-12-01,14,NA,NA,NA,NA,NA
"289",1937-01-01,14.1,NA,NA,NA,NA,NA
"290",1937-02-01,14.1,NA,NA,NA,NA,NA
"291",1937-03-01,14.2,NA,NA,NA,NA,NA
"292",1937-04-01,14.3,NA,NA,NA,NA,NA
"293",1937-05-01,14.4,NA,NA,NA,NA,NA
"294",1937-06-01,14.4,NA,NA,NA,NA,NA
"295",1937-07-01,14.5,NA,NA,NA,NA,NA
"296",1937-08-01,14.5,NA,NA,NA,NA,NA
"297",1937-09-01,14.6,NA,NA,NA,NA,NA
"298",1937-10-01,14.6,NA,NA,NA,NA,NA
"299",1937-11-01,14.5,NA,NA,NA,NA,NA
"300",1937-12-01,14.4,NA,NA,NA,NA,NA
"301",1938-01-01,14.2,NA,NA,NA,NA,NA
"302",1938-02-01,14.1,NA,NA,NA,NA,NA
"303",1938-03-01,14.1,NA,NA,NA,NA,NA
"304",1938-04-01,14.2,NA,NA,NA,NA,NA
"305",1938-05-01,14.1,NA,NA,NA,NA,NA
"306",1938-06-01,14.1,NA,NA,NA,NA,NA
"307",1938-07-01,14.1,NA,NA,NA,NA,NA
"308",1938-08-01,14.1,NA,NA,NA,NA,NA
"309",1938-09-01,14.1,NA,NA,NA,NA,NA
"310",1938-10-01,14,NA,NA,NA,NA,NA
"311",1938-11-01,14,NA,NA,NA,NA,NA
"312",1938-12-01,14,NA,NA,NA,NA,NA
"313",1939-01-01,14,NA,NA,NA,NA,NA
"314",1939-02-01,13.9,NA,NA,NA,NA,NA
"315",1939-03-01,13.9,NA,NA,NA,NA,NA
"316",1939-04-01,13.8,NA,NA,NA,NA,NA
"317",1939-05-01,13.8,NA,NA,NA,NA,NA
"318",1939-06-01,13.8,NA,NA,NA,NA,NA
"319",1939-07-01,13.8,NA,NA,NA,NA,NA
"320",1939-08-01,13.8,NA,NA,NA,NA,NA
"321",1939-09-01,14.1,NA,NA,NA,NA,NA
"322",1939-10-01,14,NA,NA,NA,NA,NA
"323",1939-11-01,14,NA,NA,NA,NA,NA
"324",1939-12-01,14,NA,NA,NA,NA,NA
"325",1940-01-01,13.9,NA,NA,NA,NA,NA
"326",1940-02-01,14,NA,NA,NA,NA,NA
"327",1940-03-01,14,NA,NA,NA,NA,NA
"328",1940-04-01,14,NA,NA,NA,NA,NA
"329",1940-05-01,14,NA,NA,NA,NA,NA
"330",1940-06-01,14.1,NA,NA,NA,NA,NA
"331",1940-07-01,14,NA,NA,NA,NA,NA
"332",1940-08-01,14,NA,NA,NA,NA,NA
"333",1940-09-01,14,NA,NA,NA,NA,NA
"334",1940-10-01,14,NA,NA,NA,NA,NA
"335",1940-11-01,14,NA,NA,NA,NA,NA
"336",1940-12-01,14.1,NA,NA,NA,NA,NA
"337",1941-01-01,14.1,NA,NA,NA,NA,NA
"338",1941-02-01,14.1,NA,NA,NA,NA,NA
"339",1941-03-01,14.2,NA,NA,NA,NA,NA
"340",1941-04-01,14.3,NA,NA,NA,NA,NA
"341",1941-05-01,14.4,NA,NA,NA,NA,NA
"342",1941-06-01,14.7,NA,NA,NA,NA,NA
"343",1941-07-01,14.7,NA,NA,NA,NA,NA
"344",1941-08-01,14.9,NA,NA,NA,NA,NA
"345",1941-09-01,15.1,NA,NA,NA,NA,NA
"346",1941-10-01,15.3,NA,NA,NA,NA,NA
"347",1941-11-01,15.4,NA,NA,NA,NA,NA
"348",1941-12-01,15.5,NA,NA,NA,NA,NA
"349",1942-01-01,15.7,NA,NA,NA,NA,NA
"350",1942-02-01,15.8,NA,NA,NA,NA,NA
"351",1942-03-01,16,NA,NA,NA,NA,NA
"352",1942-04-01,16.1,NA,NA,NA,NA,NA
"353",1942-05-01,16.3,NA,NA,NA,NA,NA
"354",1942-06-01,16.3,NA,NA,NA,NA,NA
"355",1942-07-01,16.4,NA,NA,NA,NA,NA
"356",1942-08-01,16.5,NA,NA,NA,NA,NA
"357",1942-09-01,16.5,NA,NA,NA,NA,NA
"358",1942-10-01,16.7,NA,NA,NA,NA,NA
"359",1942-11-01,16.8,NA,NA,NA,NA,NA
"360",1942-12-01,16.9,NA,NA,NA,NA,NA
"361",1943-01-01,16.9,NA,NA,NA,NA,NA
"362",1943-02-01,16.9,NA,NA,NA,NA,NA
"363",1943-03-01,17.2,NA,NA,NA,NA,NA
"364",1943-04-01,17.4,NA,NA,NA,NA,NA
"365",1943-05-01,17.5,NA,NA,NA,NA,NA
"366",1943-06-01,17.5,NA,NA,NA,NA,NA
"367",1943-07-01,17.4,NA,NA,NA,NA,NA
"368",1943-08-01,17.3,NA,NA,NA,NA,NA
"369",1943-09-01,17.4,NA,NA,NA,NA,NA
"370",1943-10-01,17.4,NA,NA,NA,NA,NA
"371",1943-11-01,17.4,NA,NA,NA,NA,NA
"372",1943-12-01,17.4,NA,NA,NA,NA,NA
"373",1944-01-01,17.4,NA,NA,NA,NA,NA
"374",1944-02-01,17.4,NA,NA,NA,NA,NA
"375",1944-03-01,17.4,NA,NA,NA,NA,NA
"376",1944-04-01,17.5,NA,NA,NA,NA,NA
"377",1944-05-01,17.5,NA,NA,NA,NA,NA
"378",1944-06-01,17.6,NA,NA,NA,NA,NA
"379",1944-07-01,17.7,NA,NA,NA,NA,NA
"380",1944-08-01,17.7,NA,NA,NA,NA,NA
"381",1944-09-01,17.7,NA,NA,NA,NA,NA
"382",1944-10-01,17.7,NA,NA,NA,NA,NA
"383",1944-11-01,17.7,NA,NA,NA,NA,NA
"384",1944-12-01,17.8,NA,NA,NA,NA,NA
"385",1945-01-01,17.8,NA,NA,NA,NA,NA
"386",1945-02-01,17.8,NA,NA,NA,NA,NA
"387",1945-03-01,17.8,NA,NA,NA,NA,NA
"388",1945-04-01,17.8,NA,NA,NA,NA,NA
"389",1945-05-01,17.9,NA,NA,NA,NA,NA
"390",1945-06-01,18.1,NA,NA,NA,NA,NA
"391",1945-07-01,18.1,NA,NA,NA,NA,NA
"392",1945-08-01,18.1,NA,NA,NA,NA,NA
"393",1945-09-01,18.1,NA,NA,NA,NA,NA
"394",1945-10-01,18.1,NA,NA,NA,NA,NA
"395",1945-11-01,18.1,NA,NA,NA,NA,NA
"396",1945-12-01,18.2,NA,NA,NA,NA,NA
"397",1946-01-01,18.2,NA,NA,NA,NA,NA
"398",1946-02-01,18.1,NA,NA,NA,NA,NA
"399",1946-03-01,18.3,NA,NA,NA,NA,NA
"400",1946-04-01,18.4,NA,NA,NA,NA,NA
"401",1946-05-01,18.5,NA,NA,NA,NA,NA
"402",1946-06-01,18.7,NA,NA,NA,NA,NA
"403",1946-07-01,19.8,NA,NA,NA,NA,NA
"404",1946-08-01,20.2,NA,NA,NA,NA,NA
"405",1946-09-01,20.4,NA,NA,NA,NA,NA
"406",1946-10-01,20.8,NA,NA,NA,NA,NA
"407",1946-11-01,21.3,NA,NA,NA,NA,NA
"408",1946-12-01,21.5,NA,NA,NA,NA,NA
"409",1947-01-01,21.5,NA,NA,13.393,1770.691,NA
"410",1947-02-01,21.5,NA,NA,13.393,1770.691,NA
"411",1947-03-01,21.9,NA,NA,13.393,1770.691,NA
"412",1947-04-01,21.9,NA,NA,13.598,1767.976,NA
"413",1947-05-01,21.9,NA,NA,13.598,1767.976,NA
"414",1947-06-01,22,NA,NA,13.598,1767.976,NA
"415",1947-07-01,22.2,NA,NA,13.84,1766.523,NA
"416",1947-08-01,22.5,NA,NA,13.84,1766.523,NA
"417",1947-09-01,23,NA,NA,13.84,1766.523,NA
"418",1947-10-01,23,NA,NA,14.182,1793.31,NA
"419",1947-11-01,23.1,NA,NA,14.182,1793.31,NA
"420",1947-12-01,23.4,NA,NA,14.182,1793.31,NA
"421",1948-01-01,23.7,NA,NA,14.288,1821.809,NA
"422",1948-02-01,23.5,NA,NA,14.288,1821.809,NA
"423",1948-03-01,23.4,NA,NA,14.288,1821.809,NA
"424",1948-04-01,23.8,NA,NA,14.405,1855.345,NA
"425",1948-05-01,23.9,NA,NA,14.405,1855.345,NA
"426",1948-06-01,24.1,NA,NA,14.405,1855.345,NA
"427",1948-07-01,24.4,NA,NA,14.678,1865.32,NA
"428",1948-08-01,24.5,NA,NA,14.678,1865.32,NA
"429",1948-09-01,24.5,NA,NA,14.678,1865.32,NA
"430",1948-10-01,24.4,NA,NA,14.726,1868.184,NA
"431",1948-11-01,24.2,NA,NA,14.726,1868.184,NA
"432",1948-12-01,24.1,NA,NA,14.726,1868.184,NA
"433",1949-01-01,24,NA,NA,14.653,1842.24,NA
"434",1949-02-01,23.8,NA,NA,14.653,1842.24,NA
"435",1949-03-01,23.8,NA,NA,14.653,1842.24,NA
"436",1949-04-01,23.9,NA,NA,14.503,1835.512,NA
"437",1949-05-01,23.8,NA,NA,14.503,1835.512,NA
"438",1949-06-01,23.9,NA,NA,14.503,1835.512,NA
"439",1949-07-01,23.7,NA,NA,14.419,1856.103,NA
"440",1949-08-01,23.8,NA,NA,14.419,1856.103,NA
"441",1949-09-01,23.9,NA,NA,14.419,1856.103,NA
"442",1949-10-01,23.7,NA,NA,14.421,1838.679,NA
"443",1949-11-01,23.8,NA,NA,14.421,1838.679,NA
"444",1949-12-01,23.6,NA,NA,14.421,1838.679,NA
"445",1950-01-01,23.5,NA,NA,14.386,1912.998,NA
"446",1950-02-01,23.5,NA,NA,14.386,1912.998,NA
"447",1950-03-01,23.6,NA,NA,14.386,1912.998,NA
"448",1950-04-01,23.6,NA,NA,14.433,1971.217,NA
"449",1950-05-01,23.7,NA,NA,14.433,1971.217,NA
"450",1950-06-01,23.8,NA,NA,14.433,1971.217,NA
"451",1950-07-01,24.1,NA,NA,14.74,2048.351,NA
"452",1950-08-01,24.3,NA,NA,14.74,2048.351,NA
"453",1950-09-01,24.4,NA,NA,14.74,2048.351,NA
"454",1950-10-01,24.6,NA,NA,15.032,2084.39,NA
"455",1950-11-01,24.7,NA,NA,15.032,2084.39,NA
"456",1950-12-01,25,NA,NA,15.032,2084.39,NA
"457",1951-01-01,25.4,NA,NA,15.585,2110.731,NA
"458",1951-02-01,25.7,NA,NA,15.585,2110.731,NA
"459",1951-03-01,25.8,NA,NA,15.585,2110.731,NA
"460",1951-04-01,25.8,NA,NA,15.688,2145.746,NA
"461",1951-05-01,25.9,NA,NA,15.688,2145.746,NA
"462",1951-06-01,25.9,NA,NA,15.688,2145.746,NA
"463",1951-07-01,25.9,NA,NA,15.696,2188.503,NA
"464",1951-08-01,25.9,NA,NA,15.696,2188.503,NA
"465",1951-09-01,26.1,NA,NA,15.696,2188.503,NA
"466",1951-10-01,26.2,NA,NA,15.871,2192.21,NA
"467",1951-11-01,26.4,NA,NA,15.871,2192.21,NA
"468",1951-12-01,26.5,NA,NA,15.871,2192.21,NA
"469",1952-01-01,26.5,NA,NA,15.861,2214.268,NA
"470",1952-02-01,26.3,NA,NA,15.861,2214.268,NA
"471",1952-03-01,26.3,NA,NA,15.861,2214.268,NA
"472",1952-04-01,26.4,NA,NA,15.886,2216.709,NA
"473",1952-05-01,26.4,NA,NA,15.886,2216.709,NA
"474",1952-06-01,26.5,NA,NA,15.886,2216.709,NA
"475",1952-07-01,26.7,NA,NA,16.065,2231.561,NA
"476",1952-08-01,26.7,NA,NA,16.065,2231.561,NA
"477",1952-09-01,26.7,NA,NA,16.065,2231.561,NA
"478",1952-10-01,26.7,NA,NA,16.109,2305.276,NA
"479",1952-11-01,26.7,NA,NA,16.109,2305.276,NA
"480",1952-12-01,26.7,NA,NA,16.109,2305.276,NA
"481",1953-01-01,26.6,NA,NA,16.112,2348.408,NA
"482",1953-02-01,26.5,NA,NA,16.112,2348.408,NA
"483",1953-03-01,26.6,NA,NA,16.112,2348.408,NA
"484",1953-04-01,26.6,NA,NA,16.142,2366.18,NA
"485",1953-05-01,26.7,NA,NA,16.142,2366.18,NA
"486",1953-06-01,26.8,NA,NA,16.142,2366.18,NA
"487",1953-07-01,26.8,NA,NA,16.205,2351.793,NA
"488",1953-08-01,26.9,NA,NA,16.205,2351.793,NA
"489",1953-09-01,26.9,NA,NA,16.205,2351.793,NA
"490",1953-10-01,27,NA,NA,16.24,2314.567,NA
"491",1953-11-01,26.9,NA,NA,16.24,2314.567,NA
"492",1953-12-01,26.9,NA,NA,16.24,2314.567,NA
"493",1954-01-01,26.9,NA,NA,16.29,2303.523,NA
"494",1954-02-01,26.9,NA,NA,16.29,2303.523,NA
"495",1954-03-01,26.9,NA,NA,16.29,2303.523,NA
"496",1954-04-01,26.8,NA,NA,16.301,2306.413,NA
"497",1954-05-01,26.9,NA,NA,16.301,2306.413,NA
"498",1954-06-01,26.9,NA,NA,16.301,2306.413,NA
"499",1954-07-01,26.9,1.13,0.8,16.326,2332.418,NA
"500",1954-08-01,26.9,0.25,1.22,16.326,2332.418,NA
"501",1954-09-01,26.8,1.44,1.06,16.326,2332.418,NA
"502",1954-10-01,26.8,0.5,0.85,16.368,2379.125,NA
"503",1954-11-01,26.8,1.38,0.83,16.368,2379.125,NA
"504",1954-12-01,26.7,1.25,1.28,16.368,2379.125,NA
"505",1955-01-01,26.7,1.44,1.39,16.447,2447.657,NA
"506",1955-02-01,26.7,1.44,1.29,16.447,2447.657,NA
"507",1955-03-01,26.7,1.44,1.35,16.447,2447.657,NA
"508",1955-04-01,26.7,1.44,1.43,16.513,2488.149,NA
"509",1955-05-01,26.7,1.69,1.43,16.513,2488.149,NA
"510",1955-06-01,26.7,1.69,1.64,16.513,2488.149,NA
"511",1955-07-01,26.8,1.69,1.68,16.635,2521.394,NA
"512",1955-08-01,26.8,1.69,1.96,16.635,2521.394,NA
"513",1955-09-01,26.9,2,2.18,16.635,2521.394,NA
"514",1955-10-01,26.9,2.19,2.24,16.801,2535.472,NA
"515",1955-11-01,26.9,2.25,2.35,16.801,2535.472,NA
"516",1955-12-01,26.8,2.5,2.48,16.801,2535.472,NA
"517",1956-01-01,26.8,2.5,2.45,16.969,2523.902,NA
"518",1956-02-01,26.8,2.5,2.5,16.969,2523.902,NA
"519",1956-03-01,26.8,2.5,2.5,16.969,2523.902,NA
"520",1956-04-01,26.9,2.5,2.62,17.068,2543.752,NA
"521",1956-05-01,27,2.75,2.75,17.068,2543.752,NA
"522",1956-06-01,27.2,2.75,2.71,17.068,2543.752,NA
"523",1956-07-01,27.4,2.75,2.75,17.287,2540.555,NA
"524",1956-08-01,27.3,2.69,2.73,17.287,2540.555,NA
"525",1956-09-01,27.4,3,2.95,17.287,2540.555,NA
"526",1956-10-01,27.5,3,2.96,17.354,2582.07,NA
"527",1956-11-01,27.5,3,2.88,17.354,2582.07,NA
"528",1956-12-01,27.6,3,2.94,17.354,2582.07,NA
"529",1957-01-01,27.6,3,2.84,17.597,2597.939,NA
"530",1957-02-01,27.7,3,3,17.597,2597.939,NA
"531",1957-03-01,27.8,3,2.96,17.597,2597.939,NA
"532",1957-04-01,27.9,3,3,17.717,2591.671,NA
"533",1957-05-01,28,3,3,17.717,2591.671,NA
"534",1957-06-01,28.1,3,3,17.717,2591.671,NA
"535",1957-07-01,28.3,3,2.99,17.824,2616.638,NA
"536",1957-08-01,28.3,3,3.24,17.824,2616.638,NA
"537",1957-09-01,28.3,3.5,3.47,17.824,2616.638,NA
"538",1957-10-01,28.3,3.5,3.5,17.825,2589.11,NA
"539",1957-11-01,28.4,3.5,3.28,17.825,2589.11,NA
"540",1957-12-01,28.4,3,2.98,17.825,2589.11,NA
"541",1958-01-01,28.6,3,2.72,18.02,2519.019,NA
"542",1958-02-01,28.6,1.5,1.67,18.02,2519.019,NA
"543",1958-03-01,28.8,0.5,1.2,18.02,2519.019,NA
"544",1958-04-01,28.9,0.25,1.26,18.072,2534.48,NA
"545",1958-05-01,28.9,0.75,0.63,18.072,2534.48,NA
"546",1958-06-01,28.9,0.13,0.93,18.072,2534.48,NA
"547",1958-07-01,29,0.25,0.68,18.186,2593.867,NA
"548",1958-08-01,28.9,1,1.53,18.186,2593.867,NA
"549",1958-09-01,28.9,1.75,1.76,18.186,2593.867,NA
"550",1958-10-01,28.9,1,1.8,18.271,2654.348,NA
"551",1958-11-01,29,2,2.27,18.271,2654.348,NA
"552",1958-12-01,28.9,2.38,2.42,18.271,2654.348,NA
"553",1959-01-01,29,2.38,2.48,18.297,2708.036,NA
"554",1959-02-01,28.9,2.5,2.43,18.297,2708.036,NA
"555",1959-03-01,28.9,2.5,2.8,18.297,2708.036,NA
"556",1959-04-01,29,2.25,2.96,18.314,2776.43,NA
"557",1959-05-01,29,3,2.9,18.314,2776.43,NA
"558",1959-06-01,29.1,3,3.39,18.314,2776.43,NA
"559",1959-07-01,29.2,2.75,3.47,18.366,2773.119,NA
"560",1959-08-01,29.2,3.5,3.5,18.366,2773.119,NA
"561",1959-09-01,29.3,3.5,3.76,18.366,2773.119,NA
"562",1959-10-01,29.4,4,3.98,18.443,2782.827,NA
"563",1959-11-01,29.4,4,4,18.443,2782.827,NA
"564",1959-12-01,29.4,4,3.99,18.443,2782.827,NA
"565",1960-01-01,29.3,4,3.99,18.521,2845.268,NA
"566",1960-02-01,29.4,4,3.97,18.521,2845.268,NA
"567",1960-03-01,29.4,4,3.84,18.521,2845.268,NA
"568",1960-04-01,29.5,4,3.92,18.579,2831.971,NA
"569",1960-05-01,29.5,4,3.85,18.579,2831.971,NA
"570",1960-06-01,29.6,2,3.32,18.579,2831.971,NA
"571",1960-07-01,29.6,3.25,3.23,18.648,2836.599,NA
"572",1960-08-01,29.6,3.5,2.98,18.648,2836.599,NA
"573",1960-09-01,29.6,3,2.6,18.648,2836.599,NA
"574",1960-10-01,29.8,3,2.47,18.7,2800.224,NA
"575",1960-11-01,29.8,3,2.44,18.7,2800.224,NA
"576",1960-12-01,29.8,1.5,1.98,18.7,2800.224,NA
"577",1961-01-01,29.8,3,1.45,18.743,2816.858,NA
"578",1961-02-01,29.8,2.75,2.54,18.743,2816.858,NA
"579",1961-03-01,29.8,2,2.02,18.743,2816.858,NA
"580",1961-04-01,29.8,2,1.49,18.785,2869.554,NA
"581",1961-05-01,29.8,0.5,1.98,18.785,2869.554,NA
"582",1961-06-01,29.8,2,1.73,18.785,2869.554,NA
"583",1961-07-01,30,0.5,1.17,18.843,2915.929,NA
"584",1961-08-01,29.9,1.75,2,18.843,2915.929,NA
"585",1961-09-01,30,1.5,1.88,18.843,2915.929,NA
"586",1961-10-01,30,1.5,2.26,18.908,2975.288,NA
"587",1961-11-01,30,2.75,2.61,18.908,2975.288,NA
"588",1961-12-01,30,2.25,2.33,18.908,2975.288,NA
"589",1962-01-01,30,2.5,2.15,19.02,3028.654,NA
"590",1962-02-01,30.1,2.25,2.37,19.02,3028.654,NA
"591",1962-03-01,30.1,2.5,2.85,19.02,3028.654,NA
"592",1962-04-01,30.2,2.75,2.78,19.047,3062.094,NA
"593",1962-05-01,30.2,2.5,2.36,19.047,3062.094,NA
"594",1962-06-01,30.2,2.75,2.68,19.047,3062.094,NA
"595",1962-07-01,30.3,2.75,2.71,19.092,3090.408,NA
"596",1962-08-01,30.3,3,2.93,19.092,3090.408,NA
"597",1962-09-01,30.4,3,2.9,19.092,3090.408,NA
"598",1962-10-01,30.4,3,2.9,19.152,3097.917,NA
"599",1962-11-01,30.4,3,2.94,19.152,3097.917,NA
"600",1962-12-01,30.4,2.88,2.93,19.152,3097.917,NA
"601",1963-01-01,30.4,3,2.92,19.196,3138.407,NA
"602",1963-02-01,30.4,3,3,19.196,3138.407,NA
"603",1963-03-01,30.5,3,2.98,19.196,3138.407,NA
"604",1963-04-01,30.5,3,2.9,19.233,3177.733,NA
"605",1963-05-01,30.5,3,3,19.233,3177.733,NA
"606",1963-06-01,30.6,3,2.99,19.233,3177.733,NA
"607",1963-07-01,30.7,3,3.02,19.272,3237.567,NA
"608",1963-08-01,30.7,3.5,3.49,19.272,3237.567,NA
"609",1963-09-01,30.7,3.5,3.48,19.272,3237.567,NA
"610",1963-10-01,30.8,3.5,3.5,19.418,3262.18,NA
"611",1963-11-01,30.8,3.5,3.48,19.418,3262.18,NA
"612",1963-12-01,30.9,3.5,3.38,19.418,3262.18,NA
"613",1964-01-01,30.9,3.25,3.48,19.477,3335.397,NA
"614",1964-02-01,30.9,3.5,3.48,19.477,3335.397,NA
"615",1964-03-01,30.9,3.5,3.43,19.477,3335.397,NA
"616",1964-04-01,30.9,3.5,3.47,19.529,3373.705,NA
"617",1964-05-01,30.9,3.5,3.5,19.529,3373.705,NA
"618",1964-06-01,31,3.5,3.5,19.529,3373.705,NA
"619",1964-07-01,31.1,3.5,3.42,19.607,3419.548,NA
"620",1964-08-01,31,3.5,3.5,19.607,3419.548,NA
"621",1964-09-01,31.1,3.5,3.45,19.607,3419.548,NA
"622",1964-10-01,31.1,3.5,3.36,19.703,3429.028,NA
"623",1964-11-01,31.2,3.5,3.52,19.703,3429.028,NA
"624",1964-12-01,31.2,4,3.85,19.703,3429.028,NA
"625",1965-01-01,31.2,4,3.9,19.801,3513.25,NA
"626",1965-02-01,31.2,4,3.98,19.801,3513.25,NA
"627",1965-03-01,31.3,4,4.04,19.801,3513.25,NA
"628",1965-04-01,31.4,4.13,4.09,19.887,3560.919,NA
"629",1965-05-01,31.4,4.13,4.1,19.887,3560.919,NA
"630",1965-06-01,31.6,4.13,4.04,19.887,3560.919,NA
"631",1965-07-01,31.6,4.13,4.09,19.96,3633.182,NA
"632",1965-08-01,31.6,4.13,4.12,19.96,3633.182,NA
"633",1965-09-01,31.6,3.75,4.01,19.96,3633.182,NA
"634",1965-10-01,31.7,4.13,4.08,20.088,3720.836,NA
"635",1965-11-01,31.7,4.13,4.1,20.088,3720.836,NA
"636",1965-12-01,31.8,4.13,4.32,20.088,3720.836,NA
"637",1966-01-01,31.8,4.63,4.42,20.218,3812.167,NA
"638",1966-02-01,32,4.25,4.6,20.218,3812.167,NA
"639",1966-03-01,32.1,4.63,4.65,20.218,3812.167,NA
"640",1966-04-01,32.3,4.75,4.67,20.391,3824.857,NA
"641",1966-05-01,32.3,4.63,4.9,20.391,3824.857,NA
"642",1966-06-01,32.4,4.25,5.17,20.391,3824.857,NA
"643",1966-07-01,32.5,5.5,5.3,20.601,3850.012,NA
"644",1966-08-01,32.7,5.63,5.53,20.601,3850.012,NA
"645",1966-09-01,32.7,5.88,5.4,20.601,3850.012,NA
"646",1966-10-01,32.9,5.75,5.53,20.791,3881.205,NA
"647",1966-11-01,32.9,6,5.76,20.791,3881.205,NA
"648",1966-12-01,32.9,5.5,5.4,20.791,3881.205,NA
"649",1967-01-01,32.9,5,4.94,20.886,3915.396,NA
"650",1967-02-01,32.9,4,5,20.886,3915.396,NA
"651",1967-03-01,33,3.75,4.53,20.886,3915.396,NA
"652",1967-04-01,33.1,4.5,4.05,20.997,3916.211,NA
"653",1967-05-01,33.2,4,3.94,20.997,3916.211,NA
"654",1967-06-01,33.3,4,3.98,20.997,3916.211,NA
"655",1967-07-01,33.4,3.5,3.79,21.203,3947.455,NA
"656",1967-08-01,33.5,3.75,3.9,21.203,3947.455,NA
"657",1967-09-01,33.6,4,3.99,21.203,3947.455,NA
"658",1967-10-01,33.7,3.75,3.88,21.438,3977.573,NA
"659",1967-11-01,33.8,4.13,4.13,21.438,3977.573,NA
"660",1967-12-01,33.9,4.5,4.51,21.438,3977.573,NA
"661",1968-01-01,34.1,4.5,4.6,21.672,4059.545,NA
"662",1968-02-01,34.2,4.75,4.71,21.672,4059.545,NA
"663",1968-03-01,34.3,4.75,5.05,21.672,4059.545,NA
"664",1968-04-01,34.4,5.5,5.76,21.899,4128.472,NA
"665",1968-05-01,34.5,6.38,6.11,21.899,4128.472,NA
"666",1968-06-01,34.7,6.13,6.07,21.899,4128.472,NA
"667",1968-07-01,34.9,6.13,6.02,22.115,4156.717,NA
"668",1968-08-01,35,6,6.03,22.115,4156.717,NA
"669",1968-09-01,35.1,5.75,5.78,22.115,4156.717,NA
"670",1968-10-01,35.3,6,5.91,22.426,4174.727,NA
"671",1968-11-01,35.4,6,5.82,22.426,4174.727,NA
"672",1968-12-01,35.5,6,6.02,22.426,4174.727,NA
"673",1969-01-01,35.6,4,6.3,22.66,4240.478,NA
"674",1969-02-01,35.8,6.38,6.61,22.66,4240.478,NA
"675",1969-03-01,36.1,7,6.79,22.66,4240.478,NA
"676",1969-04-01,36.3,6.63,7.41,22.952,4252.828,NA
"677",1969-05-01,36.4,8.25,8.67,22.952,4252.828,NA
"678",1969-06-01,36.6,9.38,8.9,22.952,4252.828,NA
"679",1969-07-01,36.8,8.75,8.61,23.28,4279.723,NA
"680",1969-08-01,37,9.5,9.19,23.28,4279.723,NA
"681",1969-09-01,37.1,9.75,9.15,23.28,4279.723,NA
"682",1969-10-01,37.3,8,9,23.581,4259.622,NA
"683",1969-11-01,37.5,9,8.85,23.581,4259.622,NA
"684",1969-12-01,37.7,9.63,8.97,23.581,4259.622,NA
"685",1970-01-01,37.8,5,8.98,23.915,4252.94,NA
"686",1970-02-01,38,9.38,8.98,23.915,4252.94,NA
"687",1970-03-01,38.2,8.5,7.76,23.915,4252.94,NA
"688",1970-04-01,38.5,8,8.1,24.247,4260.65,NA
"689",1970-05-01,38.6,8.63,7.94,24.247,4260.65,NA
"690",1970-06-01,38.8,7.75,7.6,24.247,4260.65,NA
"691",1970-07-01,39,7,7.21,24.438,4298.588,NA
"692",1970-08-01,39,6.75,6.61,24.438,4298.588,NA
"693",1970-09-01,39.2,6.75,6.29,24.438,4298.588,NA
"694",1970-10-01,39.4,6.5,6.2,24.752,4253.004,NA
"695",1970-11-01,39.6,6.13,5.6,24.752,4253.004,NA
"696",1970-12-01,39.8,5.63,4.9,24.752,4253.004,NA
"697",1971-01-01,39.8,3,4.14,25.126,4370.283,NA
"698",1971-02-01,39.9,4.38,3.72,25.126,4370.283,NA
"699",1971-03-01,40,3.63,3.71,25.126,4370.283,NA
"700",1971-04-01,40.1,4,4.15,25.455,4395.075,NA
"701",1971-05-01,40.3,4.25,4.63,25.455,4395.075,NA
"702",1971-06-01,40.6,4.75,4.91,25.455,4395.075,NA
"703",1971-07-01,40.7,5.25,5.31,25.711,4430.159,NA
"704",1971-08-01,40.8,5.5,5.56,25.711,4430.159,NA
"705",1971-09-01,40.8,5.75,5.55,25.711,4430.159,NA
"706",1971-10-01,40.9,5.38,5.2,25.918,4442.47,NA
"707",1971-11-01,40.9,5.13,4.91,25.918,4442.47,NA
"708",1971-12-01,41.1,3.75,4.14,25.918,4442.47,NA
"709",1972-01-01,41.1,3,3.5,26.319,4521.907,NA
"710",1972-02-01,41.3,3.25,3.29,26.319,4521.907,NA
"711",1972-03-01,41.4,3.25,3.83,26.319,4521.907,NA
"712",1972-04-01,41.5,4,4.17,26.475,4629.147,NA
"713",1972-05-01,41.6,4.25,4.27,26.475,4629.147,NA
"714",1972-06-01,41.7,4.44,4.46,26.475,4629.147,NA
"715",1972-07-01,41.9,4.5,4.55,26.731,4673.511,NA
"716",1972-08-01,42,4.63,4.8,26.731,4673.511,NA
"717",1972-09-01,42.1,5.19,4.87,26.731,4673.511,NA
"718",1972-10-01,42.3,4.88,5.04,27.083,4750.488,NA
"719",1972-11-01,42.4,5.5,5.06,27.083,4750.488,NA
"720",1972-12-01,42.5,5.25,5.33,27.083,4750.488,NA
"721",1973-01-01,42.6,5.5,5.94,27.403,4872.005,NA
"722",1973-02-01,42.9,6.44,6.58,27.403,4872.005,NA
"723",1973-03-01,43.3,7,7.09,27.403,4872.005,NA
"724",1973-04-01,43.6,7.38,7.12,27.828,4928.362,NA
"725",1973-05-01,43.9,7.88,7.84,27.828,4928.362,NA
"726",1973-06-01,44.2,8.44,8.49,27.828,4928.362,NA
"727",1973-07-01,44.3,8.88,10.4,28.37,4902.065,NA
"728",1973-08-01,45.1,8.74,10.5,28.37,4902.065,NA
"729",1973-09-01,45.2,11.22,10.78,28.37,4902.065,NA
"730",1973-10-01,45.6,10.9,10.01,28.932,4948.823,NA
"731",1973-11-01,45.9,9.88,10.03,28.932,4948.823,NA
"732",1973-12-01,46.2,10.34,9.95,28.932,4948.823,NA
"733",1974-01-01,46.6,9.83,9.65,29.488,4905.427,NA
"734",1974-02-01,47.2,9.31,8.97,29.488,4905.427,NA
"735",1974-03-01,47.8,8.97,9.35,29.488,4905.427,NA
"736",1974-04-01,48,10.01,10.51,30.192,4917.987,NA
"737",1974-05-01,48.6,10.57,11.31,30.192,4917.987,NA
"738",1974-06-01,49,11.64,11.93,30.192,4917.987,NA
"739",1974-07-01,49.4,14.33,12.92,31.085,4869.361,NA
"740",1974-08-01,50,12.25,12.01,31.085,4869.361,NA
"741",1974-09-01,50.6,11.6,11.34,31.085,4869.361,NA
"742",1974-10-01,51.1,11.3,10.06,32.015,4850.197,NA
"743",1974-11-01,51.5,9.65,9.45,32.015,4850.197,NA
"744",1974-12-01,51.9,9.47,8.53,32.015,4850.197,NA
"745",1975-01-01,52.1,3.87,7.13,32.757,4791.203,NA
"746",1975-02-01,52.5,6.76,6.24,32.757,4791.203,NA
"747",1975-03-01,52.7,6.07,5.54,32.757,4791.203,NA
"748",1975-04-01,52.9,5.48,5.49,33.245,4827.818,NA
"749",1975-05-01,53.2,5.55,5.22,33.245,4827.818,NA
"750",1975-06-01,53.6,5.23,5.55,33.245,4827.818,NA
"751",1975-07-01,54.2,6.12,6.1,33.864,4909.135,NA
"752",1975-08-01,54.3,6.24,6.14,33.864,4909.135,NA
"753",1975-09-01,54.6,6.13,6.24,33.864,4909.135,NA
"754",1975-10-01,54.9,6.24,5.82,34.463,4973.263,NA
"755",1975-11-01,55.3,5.65,5.22,34.463,4973.263,NA
"756",1975-12-01,55.5,5.31,5.2,34.463,4973.263,NA
"757",1976-01-01,55.6,5.37,4.87,34.837,5086.318,NA
"758",1976-02-01,55.8,4.84,4.77,34.837,5086.318,NA
"759",1976-03-01,55.9,5.21,4.84,34.837,5086.318,NA
"760",1976-04-01,56.1,4.83,4.82,35.208,5124.57,NA
"761",1976-05-01,56.5,5.1,5.29,35.208,5124.57,NA
"762",1976-06-01,56.8,5.58,5.48,35.208,5124.57,NA
"763",1976-07-01,57.1,5.58,5.31,35.686,5149.673,NA
"764",1976-08-01,57.4,5.32,5.29,35.686,5149.673,NA
"765",1976-09-01,57.6,5.25,5.25,35.686,5149.673,NA
"766",1976-10-01,57.9,5.32,5.02,36.331,5187.069,NA
"767",1976-11-01,58,5.04,4.95,36.331,5187.069,NA
"768",1976-12-01,58.2,4.67,4.65,36.331,5187.069,NA
"769",1977-01-01,58.5,4.17,4.61,36.943,5247.28,NA
"770",1977-02-01,59.1,4.58,4.68,36.943,5247.28,NA
"771",1977-03-01,59.5,4.7,4.69,36.943,5247.28,NA
"772",1977-04-01,60,4.72,4.73,37.47,5351.56,NA
"773",1977-05-01,60.3,5.12,5.35,37.47,5351.56,NA
"774",1977-06-01,60.7,5.24,5.39,37.47,5351.56,NA
"775",1977-07-01,61,5.36,5.42,37.927,5447.268,NA
"776",1977-08-01,61.2,5.84,5.9,37.927,5447.268,NA
"777",1977-09-01,61.4,6.06,6.14,37.927,5447.268,NA
"778",1977-10-01,61.6,6.46,6.47,38.758,5446.141,NA
"779",1977-11-01,61.9,6.65,6.51,38.758,5446.141,NA
"780",1977-12-01,62.1,6.52,6.56,38.758,5446.141,NA
"781",1978-01-01,62.5,6.53,6.7,39.326,5464.738,NA
"782",1978-02-01,62.9,7.18,6.78,39.326,5464.738,NA
"783",1978-03-01,63.4,6.86,6.79,39.326,5464.738,NA
"784",1978-04-01,63.9,6.97,6.89,40.05,5679.718,NA
"785",1978-05-01,64.5,7.27,7.36,40.05,5679.718,NA
"786",1978-06-01,65.2,7.48,7.6,40.05,5679.718,NA
"787",1978-07-01,65.7,8.01,7.81,40.716,5735.401,NA
"788",1978-08-01,66,7.97,8.04,40.716,5735.401,NA
"789",1978-09-01,66.5,8.33,8.45,40.716,5735.401,NA
"790",1978-10-01,67.1,8.9,8.96,41.575,5811.259,NA
"791",1978-11-01,67.4,9.87,9.76,41.575,5811.259,NA
"792",1978-12-01,67.7,9.95,10.03,41.575,5811.259,NA
"793",1979-01-01,68.3,10.84,10.07,42.318,5820.977,NA
"794",1979-02-01,69.1,10.05,10.06,42.318,5820.977,NA
"795",1979-03-01,69.8,10.05,10.09,42.318,5820.977,NA
"796",1979-04-01,70.6,10.07,10.01,43.362,5826.441,NA
"797",1979-05-01,71.5,10.38,10.24,43.362,5826.441,NA
"798",1979-06-01,72.3,10.24,10.29,43.362,5826.441,NA
"799",1979-07-01,73.1,10.54,10.47,44.301,5868.323,NA
"800",1979-08-01,73.8,10.75,10.94,44.301,5868.323,NA
"801",1979-09-01,74.6,11.29,11.43,44.301,5868.323,NA
"802",1979-10-01,75.2,12.06,13.77,45.194,5884.469,NA
"803",1979-11-01,75.9,15.26,13.18,45.194,5884.469,NA
"804",1979-12-01,76.7,13.96,13.78,45.194,5884.469,NA
"805",1980-01-01,77.8,14.77,13.82,46.144,5903.424,NA
"806",1980-02-01,78.9,13.44,14.13,46.144,5903.424,NA
"807",1980-03-01,80.1,16.33,17.19,46.144,5903.424,NA
"808",1980-04-01,81,19.79,17.61,47.178,5782.434,NA
"809",1980-05-01,81.8,14.07,10.98,47.178,5782.434,NA
"810",1980-06-01,82.7,11.06,9.47,47.178,5782.434,NA
"811",1980-07-01,82.7,9.47,9.03,48.256,5771.687,NA
"812",1980-08-01,83.3,10.48,9.61,48.256,5771.687,NA
"813",1980-09-01,84,10.74,10.87,48.256,5771.687,NA
"814",1980-10-01,84.8,13.05,12.81,49.593,5878.439,NA
"815",1980-11-01,85.5,13.77,15.85,49.593,5878.439,NA
"816",1980-12-01,86.3,17.71,18.9,49.593,5878.439,NA
"817",1981-01-01,87,22,19.08,50.851,6000.591,NA
"818",1981-02-01,87.9,17.25,15.93,50.851,6000.591,NA
"819",1981-03-01,88.5,15.53,14.7,50.851,6000.591,NA
"820",1981-04-01,89.1,14.51,15.72,51.813,5952.711,NA
"821",1981-05-01,89.8,19.79,18.52,51.813,5952.711,NA
"822",1981-06-01,90.6,19.01,19.1,51.813,5952.711,NA
"823",1981-07-01,91.6,21.09,19.04,52.73,6025.037,NA
"824",1981-08-01,92.3,17.46,17.82,52.73,6025.037,NA
"825",1981-09-01,93.2,17.52,15.87,52.73,6025.037,NA
"826",1981-10-01,93.4,16.96,15.08,53.692,5949.98,NA
"827",1981-11-01,93.7,14.44,13.31,53.692,5949.98,NA
"828",1981-12-01,94,13.03,12.37,53.692,5949.98,NA
"829",1982-01-01,94.3,13.13,13.22,54.421,5852.334,NA
"830",1982-02-01,94.6,15.69,14.78,54.421,5852.334,NA
"831",1982-03-01,94.5,14.11,14.68,54.421,5852.334,NA
"832",1982-04-01,94.9,15.48,14.94,55.08,5884.048,NA
"833",1982-05-01,95.8,15.28,14.45,55.08,5884.048,NA
"834",1982-06-01,97,13.76,14.15,55.08,5884.048,NA
"835",1982-07-01,97.5,14.73,12.59,55.864,5861.363,NA
"836",1982-08-01,97.7,11.41,10.12,55.864,5861.363,NA
"837",1982-09-01,97.9,11.28,10.31,55.864,5861.363,NA
"838",1982-10-01,98.2,10.87,9.71,56.47,5865.99,NA
"839",1982-11-01,98,9.43,9.2,56.47,5865.99,NA
"840",1982-12-01,97.6,9.1,8.95,56.47,5865.99,NA
"841",1983-01-01,97.8,11.2,8.68,56.929,5938.947,NA
"842",1983-02-01,97.9,8.63,8.51,56.929,5938.947,NA
"843",1983-03-01,97.9,8.65,8.77,56.929,5938.947,NA
"844",1983-04-01,98.6,9.12,8.8,57.345,6072.433,NA
"845",1983-05-01,99.2,8.84,8.63,57.345,6072.433,NA
"846",1983-06-01,99.5,9.38,8.98,57.345,6072.433,NA
"847",1983-07-01,99.9,9.31,9.37,57.929,6192.178,NA
"848",1983-08-01,100.2,9.64,9.56,57.929,6192.178,NA
"849",1983-09-01,100.7,9.61,9.45,57.929,6192.178,NA
"850",1983-10-01,101,10.59,9.48,58.355,6320.176,NA
"851",1983-11-01,101.2,9.45,9.34,58.355,6320.176,NA
"852",1983-12-01,101.3,9.46,9.47,58.355,6320.176,NA
"853",1984-01-01,101.9,9.92,9.56,59.096,6442.76,NA
"854",1984-02-01,102.4,9.74,9.59,59.096,6442.76,NA
"855",1984-03-01,102.6,9.73,9.91,59.096,6442.76,NA
"856",1984-04-01,103.1,10.24,10.29,59.602,6553.996,NA
"857",1984-05-01,103.4,11.04,10.32,59.602,6553.996,NA
"858",1984-06-01,103.7,10.53,11.06,59.602,6553.996,NA
"859",1984-07-01,104.1,10.85,11.23,60.081,6617.69,NA
"860",1984-08-01,104.5,12.04,11.64,60.081,6617.69,NA
"861",1984-09-01,105,11.64,11.3,60.081,6617.69,NA
"862",1984-10-01,105.3,11.38,9.99,60.465,6671.565,NA
"863",1984-11-01,105.3,10.26,9.43,60.465,6671.565,NA
"864",1984-12-01,105.3,8.92,8.38,60.465,6671.565,NA
"865",1985-01-01,105.5,8.74,8.35,61.136,6734.522,NA
"866",1985-02-01,106,8.74,8.5,61.136,6734.522,NA
"867",1985-03-01,106.4,8.74,8.58,61.136,6734.522,NA
"868",1985-04-01,106.9,8.83,8.27,61.483,6791.542,NA
"869",1985-05-01,107.3,8.83,7.97,61.483,6791.542,NA
"870",1985-06-01,107.6,7.64,7.53,61.483,6791.542,NA
"871",1985-07-01,107.8,8.12,7.88,61.736,6897.631,NA
"872",1985-08-01,108,8.26,7.9,61.736,6897.631,NA
"873",1985-09-01,108.3,7.8,7.92,61.736,6897.631,NA
"874",1985-10-01,108.7,8.26,7.99,62.14,6949.982,NA
"875",1985-11-01,109,8.32,8.05,62.14,6949.982,NA
"876",1985-12-01,109.3,8.54,8.27,62.14,6949.982,NA
"877",1986-01-01,109.6,13.46,8.14,62.456,7016.763,NA
"878",1986-02-01,109.3,8.09,7.86,62.456,7016.763,NA
"879",1986-03-01,108.8,7.95,7.48,62.456,7016.763,NA
"880",1986-04-01,108.6,7.49,6.99,62.786,7044.952,NA
"881",1986-05-01,108.9,7.13,6.85,62.786,7044.952,NA
"882",1986-06-01,109.5,6.84,6.92,62.786,7044.952,NA
"883",1986-07-01,109.5,6.97,6.56,63.143,7112.874,NA
"884",1986-08-01,109.7,6.38,6.17,63.143,7112.874,NA
"885",1986-09-01,110.2,5.77,5.89,63.143,7112.874,NA
"886",1986-10-01,110.3,5.99,5.85,63.567,7147.254,NA
"887",1986-11-01,110.4,5.93,6.04,63.567,7147.254,NA
"888",1986-12-01,110.5,6.38,6.91,63.567,7147.254,NA
"889",1987-01-01,111.2,14.35,6.43,64.16,7186.881,NA
"890",1987-02-01,111.6,6.28,6.1,64.16,7186.881,NA
"891",1987-03-01,112.1,6.02,6.13,64.16,7186.881,NA
"892",1987-04-01,112.7,6.22,6.37,64.526,7263.307,NA
"893",1987-05-01,113.1,7.67,6.85,64.526,7263.307,NA
"894",1987-06-01,113.5,6.74,6.73,64.526,7263.307,NA
"895",1987-07-01,113.8,6.07,6.58,65.033,7326.301,NA
"896",1987-08-01,114.4,6.75,6.73,65.033,7326.301,NA
"897",1987-09-01,115,6.84,7.22,65.033,7326.301,NA
"898",1987-10-01,115.3,7.71,7.29,65.53,7451.658,NA
"899",1987-11-01,115.4,6.62,6.69,65.53,7451.658,NA
"900",1987-12-01,115.4,7.04,6.77,65.53,7451.658,NA
"901",1988-01-01,115.7,6.89,6.83,66.068,7490.203,NA
"902",1988-02-01,116,6.96,6.58,66.068,7490.203,NA
"903",1988-03-01,116.5,6.66,6.58,66.068,7490.203,NA
"904",1988-04-01,117.1,6.7,6.87,66.689,7586.401,NA
"905",1988-05-01,117.5,6.98,7.09,66.689,7586.401,NA
"906",1988-06-01,118,7.24,7.51,66.689,7586.401,NA
"907",1988-07-01,118.5,7.75,7.75,67.442,7625.57,NA
"908",1988-08-01,119,7.91,8.01,67.442,7625.57,NA
"909",1988-09-01,119.8,8.27,8.19,67.442,7625.57,NA
"910",1988-10-01,120.2,8.54,8.3,67.953,7727.392,NA
"911",1988-11-01,120.3,8.35,8.35,67.953,7727.392,NA
"912",1988-12-01,120.5,8.54,8.76,67.953,7727.392,NA
"913",1989-01-01,121.1,9.04,9.12,68.723,7799.942,NA
"914",1989-02-01,121.6,9.02,9.36,68.723,7799.942,NA
"915",1989-03-01,122.3,9.82,9.85,68.723,7799.942,NA
"916",1989-04-01,123.1,9.79,9.84,69.399,7858.304,NA
"917",1989-05-01,123.8,9.85,9.81,69.399,7858.304,NA
"918",1989-06-01,124.1,9.84,9.53,69.399,7858.304,NA
"919",1989-07-01,124.4,9.63,9.24,69.855,7920.628,NA
"920",1989-08-01,124.6,8.95,8.99,69.855,7920.628,NA
"921",1989-09-01,125,8.93,9.02,69.855,7920.628,NA
"922",1989-10-01,125.6,9.24,8.84,70.317,7937.918,NA
"923",1989-11-01,125.9,8.98,8.55,70.317,7937.918,NA
"924",1989-12-01,126.1,8.51,8.45,70.317,7937.918,NA
"925",1990-01-01,127.4,7.97,8.23,71.166,8020.842,NA
"926",1990-02-01,128,8.25,8.24,71.166,8020.842,NA
"927",1990-03-01,128.7,8.3,8.28,71.166,8020.842,NA
"928",1990-04-01,128.9,8.3,8.26,71.993,8052.721,NA
"929",1990-05-01,129.2,8.11,8.18,71.993,8052.721,NA
"930",1990-06-01,129.9,8.28,8.29,71.993,8052.721,NA
"931",1990-07-01,130.4,8.32,8.15,72.655,8052.598,NA
"932",1990-08-01,131.6,8.07,8.13,72.655,8052.598,NA
"933",1990-09-01,132.7,8.06,8.2,72.655,8052.598,NA
"934",1990-10-01,133.5,8.25,8.11,73.239,7982.047,NA
"935",1990-11-01,133.8,8.06,7.81,73.239,7982.047,NA
"936",1990-12-01,133.8,7.61,7.31,73.239,7982.047,NA
"937",1991-01-01,134.6,5.53,6.91,74.026,7943.38,NA
"938",1991-02-01,134.8,6.3,6.25,74.026,7943.38,NA
"939",1991-03-01,135,6.35,6.12,74.026,7943.38,NA
"940",1991-04-01,135.2,6.48,5.91,74.553,7996.993,NA
"941",1991-05-01,135.6,5.9,5.78,74.553,7996.993,NA
"942",1991-06-01,136,5.92,5.9,74.553,7996.993,NA
"943",1991-07-01,136.2,6.38,5.82,75.133,8030.679,NA
"944",1991-08-01,136.6,5.86,5.66,75.133,8030.679,NA
"945",1991-09-01,137.2,5.5,5.45,75.133,8030.679,NA
"946",1991-10-01,137.4,5.4,5.21,75.569,8062.16,NA
"947",1991-11-01,137.8,5.03,4.81,75.569,8062.16,NA
"948",1991-12-01,137.9,4.86,4.43,75.569,8062.16,NA
"949",1992-01-01,138.1,4.09,4.03,75.954,8150.654,NA
"950",1992-02-01,138.6,4.4,4.06,75.954,8150.654,NA
"951",1992-03-01,139.3,4.13,3.98,75.954,8150.654,NA
"952",1992-04-01,139.5,4.98,3.73,76.423,8237.259,NA
"953",1992-05-01,139.7,3.75,3.82,76.423,8237.259,NA
"954",1992-06-01,140.2,3.96,3.76,76.423,8237.259,NA
"955",1992-07-01,140.5,3.89,3.25,76.778,8322.253,NA
"956",1992-08-01,140.9,3.37,3.3,76.778,8322.253,NA
"957",1992-09-01,141.3,3.39,3.22,76.778,8322.253,NA
"958",1992-10-01,141.8,3.58,3.1,77.214,8409.834,NA
"959",1992-11-01,142,3.04,3.09,77.214,8409.834,NA
"960",1992-12-01,141.9,3.17,2.92,77.214,8409.834,NA
"961",1993-01-01,142.6,2.66,3.02,77.677,8425.289,NA
"962",1993-02-01,143.1,3.25,3.03,77.677,8425.289,NA
"963",1993-03-01,143.6,3.65,3.07,77.677,8425.289,NA
"964",1993-04-01,144,3.31,2.96,78.106,8479.193,NA
"965",1993-05-01,144.2,3.01,3,78.106,8479.193,NA
"966",1993-06-01,144.4,3.33,3.04,78.106,8479.193,NA
"967",1993-07-01,144.4,3.27,3.06,78.466,8523.828,NA
"968",1993-08-01,144.8,3.07,3.03,78.466,8523.828,NA
"969",1993-09-01,145.1,3.25,3.09,78.466,8523.828,NA
"970",1993-10-01,145.7,3.19,2.99,78.897,8636.393,NA
"971",1993-11-01,145.8,3.15,3.02,78.897,8636.393,NA
"972",1993-12-01,145.8,3.07,2.96,78.897,8636.393,NA
"973",1994-01-01,146.2,2.85,3.05,79.311,8720.471,11.8
"974",1994-02-01,146.7,3.25,3.25,79.311,8720.471,11.4
"975",1994-03-01,147.2,3.31,3.34,79.311,8720.471,11.4
"976",1994-04-01,147.4,3.64,3.56,79.689,8839.753,11.2
"977",1994-05-01,147.5,3.73,4.01,79.689,8839.753,10.8
"978",1994-06-01,148,4.33,4.25,79.689,8839.753,10.9
"979",1994-07-01,148.4,3.82,4.26,80.163,8896.691,10.7
"980",1994-08-01,149,4.34,4.47,80.163,8896.691,10.5
"981",1994-09-01,149.4,4.76,4.73,80.163,8896.691,10.4
"982",1994-10-01,149.5,5.44,4.76,80.576,8995.497,10.3
"983",1994-11-01,149.7,4.76,5.29,80.576,8995.497,10.1
"984",1994-12-01,149.7,5.49,5.45,80.576,8995.497,10
"985",1995-01-01,150.3,4.94,5.53,81.038,9017.565,10.2
"986",1995-02-01,150.9,5.25,5.92,81.038,9017.565,9.9
"987",1995-03-01,151.4,5.56,5.98,81.038,9017.565,9.9
"988",1995-04-01,151.9,6.3,6.05,81.397,9036.95,10
"989",1995-05-01,152.2,6.1,6.01,81.397,9036.95,10
"990",1995-06-01,152.5,6.04,6,81.397,9036.95,10.1
"991",1995-07-01,152.5,6.11,5.85,81.78,9112.901,10.1
"992",1995-08-01,152.9,5.55,5.74,81.78,9112.901,10
"993",1995-09-01,153.2,5.72,5.8,81.78,9112.901,10.1
"994",1995-10-01,153.7,6.2,5.76,82.195,9176.437,9.9
"995",1995-11-01,153.6,5.76,5.8,82.195,9176.437,10
"996",1995-12-01,153.5,5.56,5.6,82.195,9176.437,10
"997",1996-01-01,154.4,4.73,5.56,82.67,9239.297,9.8
"998",1996-02-01,154.9,5.27,5.22,82.67,9239.297,10
"999",1996-03-01,155.7,5.81,5.31,82.67,9239.297,9.8
"1000",1996-04-01,156.3,5.53,5.22,82.987,9399.025,9.9
"1001",1996-05-01,156.6,5.41,5.24,82.987,9399.025,9.7
"1002",1996-06-01,156.7,5.31,5.27,82.987,9399.025,9.6
"1003",1996-07-01,157,7.8,5.4,83.25,9480.781,9.7
"1004",1996-08-01,157.3,6.29,5.22,83.25,9480.781,9.3
"1005",1996-09-01,157.8,5.28,5.3,83.25,9480.781,9.4
"1006",1996-10-01,158.3,5.53,5.24,83.71,9584.272,9.4
"1007",1996-11-01,158.6,5.19,5.31,83.71,9584.272,9.3
"1008",1996-12-01,158.6,5.44,5.29,83.71,9584.272,9.5
"1009",1997-01-01,159.1,6.26,5.25,84.251,9657.987,9.4
"1010",1997-02-01,159.6,5.37,5.19,84.251,9657.987,9.4
"1011",1997-03-01,160,5.5,5.39,84.251,9657.987,9.1
"1012",1997-04-01,160.2,6.18,5.51,84.447,9801.18,9.2
"1013",1997-05-01,160.1,5.73,5.5,84.447,9801.18,8.8
"1014",1997-06-01,160.3,5.58,5.56,84.447,9801.18,8.8
"1015",1997-07-01,160.5,6.24,5.52,84.742,9924.196,8.6
"1016",1997-08-01,160.8,5.65,5.54,84.742,9924.196,8.6
"1017",1997-09-01,161.2,5.52,5.54,84.742,9924.196,8.7
"1018",1997-10-01,161.6,5.65,5.5,85.055,10000.332,8.4
"1019",1997-11-01,161.5,5.56,5.52,85.055,10000.332,8.3
"1020",1997-12-01,161.3,5.92,5.5,85.055,10000.332,8.4
"1021",1998-01-01,161.6,5.84,5.56,85.198,10094.801,8.4
"1022",1998-02-01,161.9,5.48,5.51,85.198,10094.801,8.4
"1023",1998-03-01,162.2,5.57,5.49,85.198,10094.801,8.4
"1024",1998-04-01,162.5,5.72,5.45,85.402,10185.576,7.9
"1025",1998-05-01,162.8,5.46,5.49,85.402,10185.576,7.9
"1026",1998-06-01,163,5.79,5.56,85.402,10185.576,8
"1027",1998-07-01,163.2,6.35,5.54,85.729,10319.973,8.1
"1028",1998-08-01,163.4,5.63,5.55,85.729,10319.973,7.9
"1029",1998-09-01,163.6,5.75,5.51,85.729,10319.973,7.9
"1030",1998-10-01,164,5.73,5.07,85.988,10498.614,7.8
"1031",1998-11-01,164,5.35,4.83,85.988,10498.614,7.6
"1032",1998-12-01,163.9,4.82,4.68,85.988,10498.614,7.6
"1033",1999-01-01,164.3,4.07,4.63,86.371,10592.145,7.7
"1034",1999-02-01,164.5,4.86,4.76,86.371,10592.145,7.7
"1035",1999-03-01,165,5.1,4.81,86.371,10592.145,7.6
"1036",1999-04-01,166.2,5.41,4.74,86.675,10674.942,7.6
"1037",1999-05-01,166.2,5.03,4.74,86.675,10674.942,7.4
"1038",1999-06-01,166.2,4.78,4.76,86.675,10674.942,7.5
"1039",1999-07-01,166.7,5.76,4.99,86.998,10810.68,7.5
"1040",1999-08-01,167.1,5.07,5.07,86.998,10810.68,7.3
"1041",1999-09-01,167.9,5.41,5.22,86.998,10810.68,7.4
"1042",1999-10-01,168.2,5.26,5.2,87.305,11004.834,7.2
"1043",1999-11-01,168.3,5.38,5.42,87.305,11004.834,7.1
"1044",1999-12-01,168.3,5.71,5.3,87.305,11004.834,7.1
"1045",2000-01-01,168.8,3.99,5.45,88,11033.569,7.1
"1046",2000-02-01,169.8,5.79,5.73,88,11033.569,7.2
"1047",2000-03-01,171.2,5.78,5.85,88,11033.569,7.1
"1048",2000-04-01,171.3,6.17,6.02,88.446,11248.802,6.9
"1049",2000-05-01,171.5,6.17,6.27,88.446,11248.802,7.1
"1050",2000-06-01,172.4,6.65,6.53,88.446,11248.802,7
"1051",2000-07-01,172.8,6.86,6.54,88.979,11258.255,7
"1052",2000-08-01,172.8,6.51,6.5,88.979,11258.255,7.1
"1053",2000-09-01,173.7,6.52,6.52,88.979,11258.255,7
"1054",2000-10-01,174,6.6,6.51,89.447,11324.964,6.8
"1055",2000-11-01,174.1,6.61,6.51,89.447,11324.964,7.1
"1056",2000-12-01,174,6.6,6.4,89.447,11324.964,6.9
"1057",2001-01-01,175.1,5.41,5.98,90.054,11287.752,7.3
"1058",2001-02-01,175.8,5.57,5.49,90.054,11287.752,7.4
"1059",2001-03-01,176.2,5.59,5.31,90.054,11287.752,7.3
"1060",2001-04-01,176.9,5.29,4.8,90.666,11361.734,7.4
"1061",2001-05-01,177.7,4.61,4.21,90.666,11361.734,7.5
"1062",2001-06-01,178,4.14,3.97,90.666,11361.734,7.9
"1063",2001-07-01,177.5,3.95,3.77,90.952,11330.38,7.8
"1064",2001-08-01,177.5,3.79,3.65,90.952,11330.38,8.1
"1065",2001-09-01,178.3,3.66,3.07,90.952,11330.38,8.7
"1066",2001-10-01,177.7,3.02,2.49,91.232,11370.028,9.3
"1067",2001-11-01,177.4,2.61,2.09,91.232,11370.028,9.4
"1068",2001-12-01,176.7,2.06,1.82,91.232,11370.028,9.6
"1069",2002-01-01,177.1,1.52,1.73,91.555,11467.137,9.5
"1070",2002-02-01,177.8,1.77,1.74,91.555,11467.137,9.5
"1071",2002-03-01,178.8,1.78,1.73,91.555,11467.137,9.4
"1072",2002-04-01,179.8,1.88,1.75,91.965,11528.137,9.7
"1073",2002-05-01,179.8,1.88,1.75,91.965,11528.137,9.5
"1074",2002-06-01,179.9,1.79,1.75,91.965,11528.137,9.5
"1075",2002-07-01,180.1,1.83,1.73,92.363,11586.608,9.6
"1076",2002-08-01,180.7,1.79,1.74,92.363,11586.608,9.6
"1077",2002-09-01,181,1.81,1.75,92.363,11586.608,9.6
"1078",2002-10-01,181.3,1.85,1.75,92.894,11590.578,9.6
"1079",2002-11-01,181.3,1.74,1.34,92.894,11590.578,9.7
"1080",2002-12-01,180.9,1.23,1.24,92.894,11590.578,9.8
"1081",2003-01-01,181.7,1.16,1.24,93.543,11638.917,10
"1082",2003-02-01,183.1,1.33,1.26,93.543,11638.917,10.2
"1083",2003-03-01,184.2,1.33,1.25,93.543,11638.917,10
"1084",2003-04-01,183.8,1.29,1.26,93.815,11737.522,10.2
"1085",2003-05-01,183.5,1.3,1.26,93.815,11737.522,10.1
"1086",2003-06-01,183.7,1.28,1.22,93.815,11737.522,10.3
"1087",2003-07-01,183.9,1.11,1.01,94.337,11930.678,10.3
"1088",2003-08-01,184.6,1,1.03,94.337,11930.678,10.1
"1089",2003-09-01,185.2,1.01,1.01,94.337,11930.678,10.4
"1090",2003-10-01,185,1.11,1.01,94.818,12038.591,10.2
"1091",2003-11-01,184.5,1.03,1,94.818,12038.591,10
"1092",2003-12-01,184.3,1.03,0.98,94.818,12038.591,9.8
"1093",2004-01-01,185.2,0.94,1,95.643,12117.924,9.9
"1094",2004-02-01,186.2,1.03,1.01,95.643,12117.924,9.7
"1095",2004-03-01,187.4,1.04,1,95.643,12117.924,10
"1096",2004-04-01,188,1.03,1,96.45,12195.893,9.6
"1097",2004-05-01,189.1,1.03,1,96.45,12195.893,9.6
"1098",2004-06-01,189.7,1.02,1.03,96.45,12195.893,9.5
"1099",2004-07-01,189.4,1.4,1.26,97.149,12286.667,9.5
"1100",2004-08-01,189.5,1.29,1.43,97.149,12286.667,9.4
"1101",2004-09-01,189.9,1.53,1.61,97.149,12286.667,9.4
"1102",2004-10-01,190.9,1.86,1.76,97.874,12387.233,9.7
"1103",2004-11-01,191,1.83,1.93,97.874,12387.233,9.4
"1104",2004-12-01,190.3,2.04,2.16,97.874,12387.233,9.2
"1105",2005-01-01,190.7,1.97,2.28,98.776,12514.999,9.3
"1106",2005-02-01,191.8,2.4,2.5,98.776,12514.999,9.3
"1107",2005-03-01,193.3,2.39,2.63,98.776,12514.999,9.1
"1108",2005-04-01,194.6,2.83,2.79,99.437,12570.71,8.9
"1109",2005-05-01,194.4,2.97,3,99.437,12570.71,8.9
"1110",2005-06-01,194.5,3.02,3.04,99.437,12570.71,9
"1111",2005-07-01,195.4,3.36,3.26,100.458,12670.529,8.8
"1112",2005-08-01,196.4,3.3,3.5,100.458,12670.529,8.9
"1113",2005-09-01,198.8,3.57,3.62,100.458,12670.529,9
"1114",2005-10-01,199.2,3.93,3.78,101.302,12735.585,8.7
"1115",2005-11-01,197.6,3.99,4,101.302,12735.585,8.7
"1116",2005-12-01,196.8,4.03,4.16,101.302,12735.585,8.6
"1117",2006-01-01,198.3,4.09,4.29,102.055,12896.381,8.4
"1118",2006-02-01,198.7,4.47,4.49,102.055,12896.381,8.4
"1119",2006-03-01,199.8,4.52,4.59,102.055,12896.381,8.2
"1120",2006-04-01,201.5,5,4.79,102.948,12948.713,8.1
"1121",2006-05-01,202.5,4.84,4.94,102.948,12948.713,8.2
"1122",2006-06-01,202.9,5.02,4.99,102.948,12948.713,8.4
"1123",2006-07-01,203.5,5.05,5.24,103.724,12950.436,8.5
"1124",2006-08-01,203.9,5.27,5.25,103.724,12950.436,8.4
"1125",2006-09-01,202.9,5.25,5.25,103.724,12950.436,8
"1126",2006-10-01,201.8,5.34,5.25,104.186,13038.441,8.2
"1127",2006-11-01,201.5,5.23,5.25,104.186,13038.441,8.1
"1128",2006-12-01,201.8,5.27,5.24,104.186,13038.441,7.9
"1129",2007-01-01,202.416,5.17,5.25,105.38,13056.121,8.4
"1130",2007-02-01,203.499,5.29,5.26,105.38,13056.121,8.2
"1131",2007-03-01,205.352,5.31,5.26,105.38,13056.121,8
"1132",2007-04-01,206.686,5.3,5.25,106.098,13173.553,8.2
"1133",2007-05-01,207.949,5.26,5.25,106.098,13173.553,8.2
"1134",2007-06-01,208.352,5.23,5.25,106.098,13173.553,8.3
"1135",2007-07-01,208.299,5.31,5.26,106.453,13269.826,8.4
"1136",2007-08-01,207.917,5.3,5.02,106.453,13269.826,8.4
"1137",2007-09-01,208.49,4.96,4.94,106.453,13269.826,8.4
"1138",2007-10-01,208.936,4.92,4.76,106.958,13325.962,8.4
"1139",2007-11-01,210.177,4.59,4.49,106.958,13325.962,8.4
"1140",2007-12-01,210.036,4.66,4.24,106.958,13325.962,8.8
"1141",2008-01-01,211.08,3.06,3.94,107.591,13266.834,9.2
"1142",2008-02-01,211.693,3.12,2.98,107.591,13266.834,9
"1143",2008-03-01,213.528,3.01,2.61,107.591,13266.834,9.1
"1144",2008-04-01,214.823,2.38,2.28,108.302,13310.467,9.2
"1145",2008-05-01,216.632,2.16,1.98,108.302,13310.467,9.7
"1146",2008-06-01,218.815,1.98,2,108.302,13310.467,10.1
"1147",2008-07-01,219.964,2.11,2.01,109.162,13186.925,10.5
"1148",2008-08-01,219.086,2.04,2,109.162,13186.925,10.8
"1149",2008-09-01,218.783,1.94,1.81,109.162,13186.925,11
"1150",2008-10-01,216.573,1.15,0.97,109.3,12883.531,11.8
"1151",2008-11-01,212.425,0.22,0.39,109.3,12883.531,12.6
"1152",2008-12-01,210.228,0.52,0.16,109.3,12883.531,13.6
"1153",2009-01-01,211.143,0.14,0.15,109.539,12710.977,14.2
"1154",2009-02-01,212.193,0.23,0.22,109.539,12710.977,15.1
"1155",2009-03-01,212.709,0.22,0.18,109.539,12710.977,15.7
"1156",2009-04-01,213.24,0.16,0.15,109.325,12700.988,15.9
"1157",2009-05-01,213.856,0.22,0.18,109.325,12700.988,16.4
"1158",2009-06-01,215.693,0.21,0.21,109.325,12700.988,16.5
"1159",2009-07-01,215.351,0.2,0.16,109.457,12746.714,16.5
"1160",2009-08-01,215.834,0.18,0.16,109.457,12746.714,16.7
"1161",2009-09-01,215.969,0.15,0.15,109.457,12746.714,16.7
"1162",2009-10-01,216.177,0.11,0.12,109.793,12873.052,17.1
"1163",2009-11-01,216.33,0.11,0.12,109.793,12873.052,17.1
"1164",2009-12-01,215.949,0.13,0.12,109.793,12873.052,17.1
"1165",2010-01-01,216.687,0.05,0.11,110.216,12947.56,16.7
"1166",2010-02-01,216.741,0.14,0.13,110.216,12947.56,17
"1167",2010-03-01,217.631,0.14,0.16,110.216,12947.56,17
"1168",2010-04-01,218.009,0.17,0.2,110.706,13019.593,17.1
"1169",2010-05-01,218.178,0.2,0.2,110.706,13019.593,16.6
"1170",2010-06-01,217.965,0.2,0.18,110.706,13019.593,16.5
"1171",2010-07-01,218.011,0.17,0.18,111.238,13103.5,16.5
"1172",2010-08-01,218.312,0.18,0.19,111.238,13103.5,16.5
"1173",2010-09-01,218.439,0.19,0.19,111.238,13103.5,16.8
"1174",2010-10-01,218.711,0.2,0.19,111.795,13181.209,16.7
"1175",2010-11-01,218.803,0.2,0.19,111.795,13181.209,16.9
"1176",2010-12-01,219.179,0.2,0.18,111.795,13181.209,16.6
"1177",2011-01-01,220.223,0.13,0.17,112.372,13183.78,16.2
"1178",2011-02-01,221.309,0.18,0.16,112.372,13183.78,16
"1179",2011-03-01,223.467,0.15,0.14,112.372,13183.78,15.8
"1180",2011-04-01,224.906,0.11,0.1,113.109,13264.662,16
"1181",2011-05-01,225.964,0.09,0.09,113.109,13264.662,15.8
"1182",2011-06-01,225.722,0.1,0.09,113.109,13264.662,16.1
"1183",2011-07-01,225.922,0.08,0.07,113.95,13306.922,16
"1184",2011-08-01,226.545,0.17,0.1,113.95,13306.922,16.1
"1185",2011-09-01,226.889,0.08,0.08,113.95,13306.922,16.3
"1186",2011-10-01,226.421,0.06,0.07,113.987,13441.048,16
"1187",2011-11-01,226.23,0.08,0.08,113.987,13441.048,15.5
"1188",2011-12-01,225.672,0.08,0.07,113.987,13441.048,15.2
"1189",2012-01-01,226.665,0.04,0.08,114.599,13506.429,15.1
"1190",2012-02-01,227.663,0.11,0.1,114.599,13506.429,15
"1191",2012-03-01,229.392,0.11,0.13,114.599,13506.429,14.5
"1192",2012-04-01,230.085,0.09,0.14,115.035,13548.54,14.5
"1193",2012-05-01,229.815,0.16,0.16,115.035,13548.54,14.8
"1194",2012-06-01,229.478,0.16,0.16,115.035,13548.54,14.8
"1195",2012-07-01,229.104,0.09,0.16,115.81,13652.519,14.9
"1196",2012-08-01,230.379,0.14,0.13,115.81,13652.519,14.7
"1197",2012-09-01,231.407,0.13,0.14,115.81,13652.519,14.7
"1198",2012-10-01,231.317,0.15,0.16,116.089,13665.444,14.5
"1199",2012-11-01,230.221,0.17,0.16,116.089,13665.444,14.4
"1200",2012-12-01,229.601,0.16,0.16,116.089,13665.444,14.4
"1201",2013-01-01,230.28,0.09,0.14,116.437,13750.077,14.4
"1202",2013-02-01,232.166,0.14,0.15,116.437,13750.077,14.3
"1203",2013-03-01,232.773,0.14,0.14,116.437,13750.077,13.8
"1204",2013-04-01,232.531,0.16,0.15,NA,NA,13.9
"1205",2013-05-01,NA,0.14,NA,NA,NA,NA
