full_date,name,SpeechID,Financial.Markets,Macroeconomics,Monetary.Policy,International.Economy,Local.Housing.Dev,Banking.Regulation
13-Jun-96,Alan Greenspan,1,0.274535805,0,0,0,0,0.503315628
18-Jun-96,Edward W. Kelley,2,0.164825827,0,0,0.114698388,0.319456249,0.295666963
8-Sep-96,Laurence H. Meyer,3,0,0.304523438,0.592083991,0,0,0
19-Sep-96,Alan Greenspan,4,0.320484579,0,0,0.27202642,0.188325986,0
2-Oct-96,Lawrence B. Lindsey,5,0,0.132056445,0,0.230846778,0.45161289,0.09375
5-Oct-96,Alan Greenspan,6,0,0,0,0.140155733,0,0.657397091
7-Oct-96,Alan Greenspan,7,0.251612902,0.079569891,0.221505374,0.307526886,0.081720427,0
9-Oct-96,Lawrence B. Lindsey,8,0.082500003,0.172499999,0.089374997,0.182500005,0.410625011,0
11-Oct-96,Lawrence B. Lindsey,9,0,0.288888901,0.102222219,0.4148148,0.070617281,0.062222224
16-Oct-96,Alan Greenspan,10,0,0.145265892,0.089494161,0.640726328,0,0
24-Oct-96,Susan M. Phillips,11,0,0,0,0,0,0.792792797
31-Oct-96,Edward W. Kelley,12,0.377077878,0,0,0.133858263,0,0.296587914
18-Nov-96,Alan Greenspan,13,0.221979618,0,0,0,0,0.565502167
21-Nov-96,Laurence H. Meyer,14,0.184222952,0.057156354,0,0,0.061407652,0.629192233
25-Nov-96,Susan M. Phillips,15,0,0,0,0,0,0.833510101
3-Dec-96,Edward W. Kelley,16,0.32266435,0,0,0,0.181660905,0.39100346
5-Dec-96,Alan Greenspan,17,0.129999995,0,0.267647058,0.344117641,0.078235291,0.109411761
6-Dec-96,Alan Greenspan,18,0.094385676,0.394629776,0,0.384052068,0,0
19-Dec-96,Alice M. Rivlin,19,0.138401553,0,0,0,0,0.642625093
5-Jan-97,Laurence H. Meyer,20,0,0,0.789269567,0,0,0.07692308
14-Jan-97,Alan Greenspan,21,0.378146768,0,0.108194962,0.179967865,0,0.235136583
16-Jan-97,Laurence H. Meyer,22,0,0.474683553,0.415611804,0,0,0
24-Jan-97,Laurence H. Meyer,23,0.162838176,0,0,0,0.064828992,0.68453294
28-Jan-97,Susan M. Phillips,24,0.126258001,0,0,0.12259835,0,0.662397087
29-Jan-97,Edward W. Kelley,25,0.316367269,0,0.138722554,0.132734537,0,0.269461066
14-Feb-97,Susan M. Phillips,26,0.206724778,0,0,0,0.062266499,0.615193009
21-Feb-97,Alan Greenspan,27,0.504849434,0,0,0.105666153,0,0.247064829
3-Mar-97,Susan M. Phillips,28,0.09375,0,0,0,0,0.766826928
7-Mar-97,Alan Greenspan,29,0,0,0,0.605817437,0.119358078,0.106318958
13-Mar-97,Alice M. Rivlin,30,0,0.060995184,0,0.154895663,0.466292143,0.230337083
22-Mar-97,Alan Greenspan,31,0.183791608,0,0,0.107814759,0,0.558610737
4-Apr-97,Alice M. Rivlin,32,0,0.162694305,0.276683927,0.358549237,0.076683939,0.065284975
10-Apr-97,Laurence H. Meyer,33,0,0,0,0.172859445,0,0.604738832
12-Apr-97,Alan Greenspan,34,0.424010217,0,0,0.254789263,0,0
24-Apr-97,Laurence H. Meyer,35,0,0,0.52333802,0,0,0
29-Apr-97,Alan Greenspan,36,0.41673857,0,0,0,0,0.327006042
1-May-97,Alan Greenspan,37,0.197692707,0,0,0.192973256,0,0.488725752
3-May-97,Alan Greenspan,38,0.160574406,0,0,0.132506534,0,0.5828982
8-May-97,Alan Greenspan,39,0.09039548,0.398305088,0.154425606,0.26647833,0,0
23-May-97,Laurence H. Meyer,40,0.10168539,0,0,0,0.463483155,0.273595512
10-Jun-97,Alan Greenspan,41,0.141638219,0,0,0.668941975,0,0.058020476
18-Jun-97,Laurence H. Meyer,42,0,0,0.074113853,0.125671327,0.600429654,0.094522022
18-Jun-97,Susan M. Phillips,43,0.122162886,0,0,0.116154872,0,0.661548734
4-Sep-97,Laurence H. Meyer,44,0,0,0.098437503,0,0.684374988,0.078906253
5-Sep-97,Alan Greenspan,45,0,0.257549852,0.418233633,0.157264963,0,0
12-Sep-97,Alan Greenspan,46,0,0.145675272,0,0.693474948,0,0
12-Sep-97,Laurence H. Meyer,47,0.253174007,0.120985813,0.430171758,0.103061989,0,0
17-Sep-97,Laurence H. Meyer,48,0,0.589495182,0.28862825,0,0,0
19-Sep-97,Susan M. Phillips,49,0.145454541,0,0,0,0,0.680909097
23-Sep-97,Edward W. Kelley,50,0,0,0,0.13627255,0.428857714,0.242484972
5-Oct-97,Alan Greenspan,51,0.101357467,0.101357467,0,0.36470589,0,0.302262455
11-Oct-97,Alan Greenspan,52,0.113881402,0.071428575,0,0.1448787,0.603099704,0
14-Oct-97,Alan Greenspan,53,0.289676428,0,0,0.381355941,0,0.137134045
14-Oct-97,Alan Greenspan,54,0,0.127222985,0,0.733926117,0,0
14-Oct-97,Laurence H. Meyer,55,0,0.384315431,0.287694961,0.163778156,0,0
15-Oct-97,Susan M. Phillips,56,0.486891389,0,0.092384517,0,0,0.278402001
30-Oct-97,Susan M. Phillips,57,0.110457517,0,0,0.093464054,0,0.679084957
31-Oct-97,Laurence H. Meyer,58,0.075393535,0,0,0.140016571,0.610604823,0.089478046
4-Nov-97,Susan M. Phillips,59,0.116932906,0,0,0,0,0.751437724
7-Nov-97,Alan Greenspan,60,0,0,0.267775238,0.4375,0,0.132454127
1-Dec-97,Laurence H. Meyer,61,0,0,0,0.085972853,0.678733051,0.102564104
2-Dec-97,Alan Greenspan,62,0.347804636,0.187962502,0,0.326591015,0,0
3-Dec-97,Alan Greenspan,63,0,0.131367296,0,0.723860562,0,0
15-Dec-97,Edward W. Kelley,64,0,0,0,0.217197925,0.192735359,0.402520388
3-Jan-98,Alan Greenspan,65,0,0.174338326,0.291714609,0.365362495,0,0
8-Jan-98,Laurence H. Meyer,66,0,0.587869346,0,0,0,0
12-Jan-98,Alan Greenspan,67,0.094563983,0,0,0.091732733,0.562853932,0.169875428
16-Jan-98,Alan Greenspan,68,0,0.150458708,0,0.432110101,0.285321087,0
11-Feb-98,Edward W. Kelley,69,0,0,0,0.184034124,0.148080438,0.461304069
17-Feb-98,Alice M. Rivlin,70,0,0,0.082474224,0.618556678,0.139819592,0
26-Feb-98,Alan Greenspan,71,0.137046307,0,0,0.084480599,0,0.689612031
27-Feb-98,Alan Greenspan,72,0.38839978,0.174520969,0,0.222164676,0,0
27-Feb-98,Edward M. Gramlich,73,0,0,0.810581982,0.071428575,0,0
2-Mar-98,Laurence H. Meyer,74,0.18291761,0,0,0,0,0.616024196
3-Mar-98,Alan Greenspan,75,0.404964089,0.12344873,0,0.252775967,0,0.130633578
4-Mar-98,Roger W. Ferguson,76,0.291749179,0.234983504,0,0,0,0.204620466
6-Mar-98,Edward M. Gramlich,77,0,0.393939406,0,0.222222224,0.101010099,0.169191912
9-Mar-98,Roger W. Ferguson,78,0.077939235,0,0,0.103698812,0,0.708058119
16-Mar-98,Laurence H. Meyer,79,0,0,0.799390912,0,0,0
17-Mar-98,Susan M. Phillips,80,0.174783185,0,0,0.087391593,0,0.637091398
19-Mar-98,Alice M. Rivlin,81,0.077605322,0.075388029,0.108647451,0.40798226,0.254988909,0
19-Mar-98,Roger W. Ferguson,82,0,0,0,0.135578588,0.198618308,0.490500867
26-Mar-98,Susan M. Phillips,83,0.301771104,0,0,0,0,0.494550407
2-Apr-98,Alan Greenspan,84,0.141582385,0.096966095,0,0.640690088,0,0
2-Apr-98,Laurence H. Meyer,85,0.065496095,0,0.684225202,0.056577481,0.056577481,0.083054624
4-Apr-98,Roger W. Ferguson,86,0,0,0,0.167432696,0.378857523,0.250164151
9-Apr-98,Laurence H. Meyer,87,0,0.614847183,0.258515298,0,0,0
16-Apr-98,Laurence H. Meyer,88,0.185861275,0,0,0.124128774,0,0.562894106
16-Apr-98,Roger W. Ferguson,89,0.331349194,0.076719575,0,0.16534391,0.06679894,0.298280418
23-Apr-98,Alice M. Rivlin,90,0.399085194,0.065180101,0,0.268724978,0,0.178387657
30-Apr-98,Laurence H. Meyer,91,0,0.181573644,0.105581708,0,0.591123044,0
2-May-98,Alan Greenspan,92,0.287614286,0,0,0,0,0.36575228
7-May-98,Alice M. Rivlin,93,0.127317682,0,0,0.29789865,0.379480839,0.107540175
7-May-98,Alan Greenspan,94,0.501941204,0,0,0.128674433,0,0.260122031
12-May-98,Alice M. Rivlin,95,0,0.074971162,0,0.61014992,0.167243361,0
12-May-98,Laurence H. Meyer,96,0,0,0,0.132398754,0.548286617,0.211059183
20-May-98,Alan Greenspan,97,0.514285743,0,0,0.142857149,0.100000001,0.121428572
3-Jun-98,Laurence H. Meyer,98,0,0.319999993,0.531851828,0,0,0
9-Jun-98,Laurence H. Meyer,99,0.17431666,0,0,0.104693137,0,0.605466723
18-Jun-98,Alice M. Rivlin,100,0.11146497,0.297239929,0.096602969,0.382165611,0,0
9-Jul-98,Roger W. Ferguson,101,0,0.378926694,0.439136118,0.085078537,0,0
10-Jul-98,Alan Greenspan,102,0.120805368,0.102348991,0,0.337248325,0,0.33640939
20-Jul-98,Roger W. Ferguson,103,0.25,0,0,0.12945205,0,0.52191782
28-Aug-98,Alan Greenspan,104,0,0,0,0,0,0
4-Sep-98,Alan Greenspan,105,0.097870409,0.355686456,0,0.425464422,0,0
15-Sep-98,Edward M. Gramlich,106,0.329910129,0.114249036,0.057766367,0.360718876,0,0.083440311
17-Sep-98,Roger W. Ferguson,107,0,0.587525129,0.111334674,0.185110658,0,0
18-Sep-98,Laurence H. Meyer,108,0.19666329,0,0,0,0,0.673407495
28-Sep-98,Alice M. Rivlin,109,0.07535322,0,0.06279435,0.334379911,0.365777075,0.10204082
29-Sep-98,Roger W. Ferguson,110,0.085557297,0,0,0.178178966,0.39952904,0.22605966
5-Oct-98,Laurence H. Meyer,111,0,0.511578023,0.359348208,0.054030877,0,0
14-Oct-98,Roger W. Ferguson,112,0,0.22205323,0,0.109505706,0.459315598,0.091254756
16-Oct-98,Roger W. Ferguson,113,0.185220733,0.112284072,0,0.178502873,0,0.415547013
22-Oct-98,Roger W. Ferguson,114,0.194622278,0.115236878,0,0.184378996,0,0.36107555
22-Oct-98,Laurence H. Meyer,115,0.177472532,0,0,0,0,0.679120898
22-Oct-98,Alice M. Rivlin,116,0.215147451,0.262734592,0,0.388739944,0,0
27-Oct-98,Roger W. Ferguson,117,0.160146698,0,0,0.131418094,0.12041565,0.490831286
29-Oct-98,Edward W. Kelley,118,0.1448787,0.200808629,0,0.294474393,0,0.229784369
5-Nov-98,Alan Greenspan,119,0.345123261,0.160235792,0,0.32797429,0,0
6-Nov-98,Edward M. Gramlich,120,0,0,0,0.072254337,0.674566448,0.105780348
12-Nov-98,Laurence H. Meyer,121,0.091083415,0,0,0,0.084372006,0.744007647
3-Jan-99,Roger W. Ferguson,122,0.116743475,0.394009203,0.225038409,0.140552998,0,0
4-Jan-99,Laurence H. Meyer,123,0.166085944,0,0,0.131242737,0.091753773,0.511033654
11-Jan-99,Laurence H. Meyer,124,0.186940491,0,0,0.12743549,0.075829387,0.531858861
15-Jan-99,Roger W. Ferguson,125,0.138686135,0.248175189,0.43503651,0.086131386,0,0
21-Jan-99,Roger W. Ferguson,126,0.200547576,0,0,0,0.150581792,0.428473651
11-Feb-99,Roger W. Ferguson,127,0.215868473,0.202287346,0,0.390278757,0,0.105789848
16-Feb-99,Alan Greenspan,128,0,0,0,0.785880506,0,0
24-Feb-99,Alice M. Rivlin,129,0.131687239,0.140946507,0.09259259,0.551440358,0,0
25-Feb-99,Laurence H. Meyer,130,0.098510332,0.419509858,0.398846716,0,0,0
25-Feb-99,Roger W. Ferguson,131,0.256788194,0,0,0,0,0.56400311
1-Mar-99,Alice M. Rivlin,132,0.145869941,0,0,0.305799663,0.084358521,0.346221447
3-Mar-99,Roger W. Ferguson,133,0.256746352,0.116422512,0,0.282960683,0,0.220508873
8-Mar-99,Edward M. Gramlich,134,0.085188769,0,0,0.090029038,0.616650522,0.120038725
8-Mar-99,Alan Greenspan,135,0.096799374,0.323965639,0,0,0.427010149,0
9-Mar-99,Alan Greenspan,136,0,0.136910275,0,0.264569849,0.367252558,0.103607774
10-Mar-99,Edward W. Kelley,137,0.189239338,0,0,0.23005566,0.139146566,0.341372907
12-Mar-99,Laurence H. Meyer,138,0.206974134,0,0,0.105736785,0,0.543307066
16-Mar-99,Alan Greenspan,139,0.060089022,0.404302657,0,0.354599416,0,0.104599409
16-Mar-99,Roger W. Ferguson,140,0,0,0,0,0.742616057,0.084388189
19-Mar-99,Alan Greenspan,141,0.3437967,0.138266072,0,0.121823616,0,0.328849018
25-Mar-99,Edward W. Kelley,142,0.147453085,0.177613944,0,0.313002676,0,0.251340479
6-Apr-99,Alice M. Rivlin,143,0.087885983,0.349960417,0,0.433095813,0,0
13-Apr-99,Roger W. Ferguson,144,0.209688574,0,0,0,0.175086498,0.426989615
14-Apr-99,Laurence H. Meyer,145,0,0.486743361,0.252126068,0.121560782,0,0
16-Apr-99,Alan Greenspan,146,0,0,0,0.7497527,0,0
22-Apr-99,Laurence H. Meyer,147,0.417065382,0,0.135964915,0.159888357,0,0.152312607
22-Apr-99,Edward M. Gramlich,148,0,0.319951326,0.482360095,0,0,0
26-Apr-99,Laurence H. Meyer,149,0.309951067,0,0.26508972,0.220228389,0,0
29-Apr-99,Alan Greenspan,150,0.473429948,0,0.126984134,0.176673561,0,0.113871634
6-May-99,Alan Greenspan,151,0,0.474568367,0,0.36070928,0,0
13-May-99,Alice M. Rivlin,152,0,0,0.213316888,0.456226885,0.123304561,0.087546237
13-May-99,Alice M. Rivlin,153,0,0.394623667,0,0.427956998,0.060215052,0
1-Jun-99,Alice M. Rivlin,154,0.083798885,0.41061452,0.072625697,0.349162012,0,0
2-Jun-99,Alan Greenspan,155,0,0,0,0.741935492,0,0
3-Jun-99,Laurence H. Meyer,156,0,0,0,0,0,0.746510565
10-Jun-99,Roger W. Ferguson,157,0.116618074,0.282069981,0.409621,0.088192418,0,0
10-Jun-99,Alan Greenspan,158,0,0,0,0.824210525,0,0
14-Jun-99,Laurence H. Meyer,159,0.268530846,0,0,0,0,0.588104725
16-Jun-99,Edward M. Gramlich,160,0,0,0,0.097863249,0.688888907,0.075213678
22-Jun-99,Roger W. Ferguson,161,0.101941749,0,0.070388347,0.087378643,0.094660193,0.58495146
29-Jul-99,Roger W. Ferguson,162,0.225531921,0,0,0.218723401,0.128510639,0.3506383
27-Aug-99,Alan Greenspan,163,0.175642088,0.363711685,0.114333056,0.218724117,0,0
8-Sep-99,Laurence H. Meyer,164,0,0,0.494581699,0,0,0
8-Sep-99,Alan Greenspan,165,0.084905662,0,0,0.749475896,0,0
9-Sep-99,Roger W. Ferguson,166,0.080029368,0.068281941,0.679148316,0.081497796,0,0
15-Sep-99,Edward M. Gramlich,167,0.078449056,0,0,0.158701539,0.623985589,0
16-Sep-99,Edward W. Kelley,168,0.373333335,0,0,0.140000001,0.159999996,0.193333328
17-Sep-99,Edward M. Gramlich,169,0.190623075,0,0,0.239975318,0.389882803,0.085749537
17-Sep-99,Alan Greenspan,170,0.202846974,0.214709371,0,0.272835106,0,0.166073546
21-Sep-99,Roger W. Ferguson,171,0,0.255319148,0,0.535904229,0,0
27-Sep-99,Laurence H. Meyer,172,0,0,0,0,0,0.760189593
27-Sep-99,Alan Greenspan,173,0.442577034,0,0,0.282913178,0,0.12114846
28-Sep-99,Roger W. Ferguson,174,0.334454924,0,0,0,0.171601608,0.308209956
30-Sep-99,Alan Greenspan,175,0,0,0,0.697876453,0,0
1-Oct-99,Laurence H. Meyer,176,0.318040907,0,0,0.119652823,0,0.435213894
6-Oct-99,Roger W. Ferguson,177,0.349714279,0,0,0,0.169142857,0.306285709
11-Oct-99,Alan Greenspan,178,0.089219332,0,0,0,0,0.791821539
12-Oct-99,Laurence H. Meyer,179,0.152005985,0.122601546,0.622726142,0,0,0
14-Oct-99,Alan Greenspan,180,0.204268292,0.269308954,0,0.177845523,0,0.222560972
15-Oct-99,Alan Greenspan,181,0.160572335,0.190779015,0,0.338632762,0,0.147853732
19-Oct-99,Alan Greenspan,182,0.457492799,0,0,0.254322767,0,0.146974057
28-Oct-99,Alan Greenspan,183,0,0.481935918,0,0.397409678,0,0
28-Oct-99,Roger W. Ferguson,184,0.184210524,0,0,0,0,0.657163739
2-Nov-99,Alan Greenspan,185,0,0.393528193,0,0.109603338,0.367432147,0
4-Nov-99,Edward M. Gramlich,186,0,0.551640332,0,0.116646416,0.159173757,0
15-Nov-99,Alan Greenspan,187,0,0,0,0,0,0.714601755
30-Nov-99,Laurence H. Meyer,188,0,0.320404708,0.58448565,0,0,0
15-Dec-99,Laurence H. Meyer,189,0.095884003,0,0,0,0,0.795135617
7-Jan-00,Roger W. Ferguson,190,0.294117659,0.296866417,0,0.292468399,0,0
13-Jan-00,Edward M. Gramlich,191,0,0,0.789029539,0.10501641,0,0
13-Jan-00,Alan Greenspan,192,0,0.424410552,0,0.428109109,0,0
14-Jan-00,Laurence H. Meyer,193,0.170428887,0,0,0.085214444,0,0.631489813
20-Jan-00,Laurence H. Meyer,194,0,0.613435447,0,0,0,0
3-Feb-00,Laurence H. Meyer,195,0.099458732,0,0,0,0,0.733423531
17-Feb-00,Roger W. Ferguson,196,0,0.492830187,0.204528302,0.110188678,0,0.082264148
23-Feb-00,Laurence H. Meyer,197,0.053973902,0.384934753,0.462633461,0,0,0
25-Feb-00,Laurence H. Meyer,198,0.397830009,0,0,0,0.084388189,0.398432791
3-Mar-00,Laurence H. Meyer,199,0,0,0.806433737,0,0,0
6-Mar-00,Roger W. Ferguson,200,0.103977673,0,0,0,0,0.755059302
6-Mar-00,Alan Greenspan,201,0,0.425484359,0,0.43666169,0,0
7-Mar-00,Edward M. Gramlich,202,0,0,0,0,0.464646459,0
8-Mar-00,Alan Greenspan,203,0.102380954,0,0,0.10873016,0.138095245,0.546825409
13-Mar-00,Edward M. Gramlich,204,0,0,0,0.535169363,0,0
22-Mar-00,Alan Greenspan,205,0,0,0,0.446646333,0.253810972,0
30-Mar-00,Edward W. Kelley,206,0.115306124,0.054081634,0,0.541836739,0.075510204,0.159183666
5-Apr-00,Alan Greenspan,207,0.057738572,0.497193277,0,0.316760212,0,0
6-Apr-00,Roger W. Ferguson,208,0.1229572,0.154085606,0.07626459,0.337743193,0,0.252140075
7-Apr-00,Alan Greenspan,209,0,0.345679015,0,0.478395075,0,0
10-Apr-00,Alan Greenspan,210,0.147428572,0,0,0.378285706,0.30514285,0
11-Apr-00,Alan Greenspan,211,0,0.155750796,0,0.741214037,0,0
12-Apr-00,Laurence H. Meyer,212,0,0.545712948,0,0,0,0
14-Apr-00,Edward M. Gramlich,213,0.087962963,0,0,0,0.625,0.130401239
14-Apr-00,Alan Greenspan,214,0.300185859,0.131970257,0,0.240706325,0,0.255576193
17-Apr-00,Edward M. Gramlich,215,0,0,0,0.246017694,0.547787607,0.065486729
20-Apr-00,Edward M. Gramlich,216,0,0.549813509,0.209376663,0,0,0
27-Apr-00,Alan Greenspan,217,0,0.20476611,0,0.57634598,0,0
4-May-00,Roger W. Ferguson,218,0,0,0,0.244221881,0.426040053,0.144067794
4-May-00,Alan Greenspan,219,0.249523804,0.132063493,0,0.086349204,0,0.448253959
9-May-00,Roger W. Ferguson,220,0,0.479224384,0.157894731,0.245152354,0,0
11-May-00,Roger W. Ferguson,221,0,0.218931094,0.096587248,0.450740516,0.131358653,0
12-May-00,Roger W. Ferguson,222,0.079328753,0.1495042,0.12433257,0.501144171,0,0.090007626
18-May-00,Alan Greenspan,223,0,0,0.12315271,0.581280768,0,0.118226603
22-May-00,Roger W. Ferguson,224,0.116171621,0,0,0.063366339,0.279207915,0.458085805
25-May-00,Alan Greenspan,225,0.105019309,0.141312748,0,0,0.193822399,0.444015443
26-May-00,Roger W. Ferguson,226,0,0,0,0,0,0.874209404
31-May-00,Laurence H. Meyer,227,0,0,0,0,0,0.790491104
1-Jun-00,Laurence H. Meyer,228,0.095989481,0,0,0,0,0.762656152
6-Jun-00,Laurence H. Meyer,229,0,0.537782133,0.332679093,0,0,0
13-Jun-00,Alan Greenspan,230,0,0.429371506,0,0.357187301,0,0.111387677
11-Jul-00,Alan Greenspan,231,0,0,0,0.725650549,0,0
12-Jul-00,Alan Greenspan,232,0.477434665,0,0,0.276326209,0,0.108471893
25-Aug-00,Alan Greenspan,233,0.073788546,0.205947131,0,0.604625523,0,0
31-Aug-00,Laurence H. Meyer,234,0.152983174,0,0,0.113207549,0,0.597654283
15-Sep-00,Roger W. Ferguson,235,0,0.170153424,0,0.082984656,0.610181332,0
18-Sep-00,Alan Greenspan,236,0.24171029,0,0,0.290575922,0,0.32373473
11-Oct-00,Roger W. Ferguson,237,0,0,0,0.252976179,0.442708343,0.121279761
16-Oct-00,Alan Greenspan,238,0.377835959,0.089877836,0.066317625,0.23734729,0,0.173647463
19-Oct-00,Alan Greenspan,239,0,0.511558533,0,0.275167793,0,0
19-Oct-00,Laurence H. Meyer,240,0,0,0.481274068,0,0,0
19-Oct-00,Roger W. Ferguson,241,0,0,0,0.106780984,0.696804345,0
20-Oct-00,Roger W. Ferguson,242,0,0,0,0.265440196,0.147831798,0.496057808
24-Oct-00,Laurence H. Meyer,243,0,0,0.626812339,0.108838134,0,0.124329694
31-Oct-00,Roger W. Ferguson,244,0,0.413857669,0,0,0.304619223,0.098626718
14-Nov-00,Alan Greenspan,245,0,0.220394731,0,0.581140339,0,0
20-Nov-00,Alan Greenspan,246,0.084432721,0,0,0.395778358,0.1530343,0.271767825
21-Nov-00,Edward M. Gramlich,247,0,0,0,0.105882354,0.711111128,0
5-Dec-00,Alan Greenspan,248,0.143322483,0.480130285,0,0,0,0.186319217
6-Dec-00,Edward M. Gramlich,249,0,0,0,0,0.733333349,0.130718961
6-Dec-00,Roger W. Ferguson,250,0,0.567164183,0.102089554,0.223283589,0,0
8-Dec-00,Alan Greenspan,251,0,0,0,0.315436244,0.352348983,0.144295305
12-Jan-01,Roger W. Ferguson,252,0,0.638851821,0,0.156208277,0,0
25-Jan-01,Roger W. Ferguson,253,0,0,0.211081788,0.211081788,0.155672818,0.250659645
14-Feb-01,Roger W. Ferguson,254,0,0.157215044,0,0.269511521,0.309376746,0.129702419
15-Feb-01,Laurence H. Meyer,255,0.146944076,0,0,0,0,0.651928902
20-Feb-01,Edward M. Gramlich,256,0,0.472627729,0,0.271441609,0,0
27-Feb-01,Roger W. Ferguson,257,0.153352767,0.196501464,0.096209913,0,0.137026235,0.337609321
5-Mar-01,Laurence H. Meyer,258,0,0,0,0,0,0.839080453
7-Mar-01,Alan Greenspan,259,0.188150525,0.269815862,0,0,0,0.289031237
9-Mar-01,Roger W. Ferguson,260,0.191459075,0,0.081850536,0.12313167,0.143772244,0.39715302
15-Mar-01,Laurence H. Meyer,261,0,0,0,0,0.081901491,0.785223365
23-Mar-01,Edward M. Gramlich,262,0,0,0,0,0.732366502,0
27-Mar-01,Alan Greenspan,263,0,0.126912698,0.232223228,0.44824481,0,0
28-Mar-01,Laurence H. Meyer,264,0,0,0.815683126,0,0,0
5-Apr-01,Edward M. Gramlich,265,0,0,0,0,0.680851042,0.112462007
5-Apr-01,Roger W. Ferguson,266,0.227329969,0,0.086272039,0,0.146095723,0.419395477
6-Apr-01,Alan Greenspan,267,0.08960177,0,0,0.386061937,0.3960177,0
19-Apr-01,Roger W. Ferguson,268,0,0.131319761,0.62705189,0,0,0.126723573
19-Apr-01,Edward M. Gramlich,269,0,0.29416883,0,0.513489962,0.061792862,0
26-Apr-01,Roger W. Ferguson,270,0.199485198,0.095881596,0.079794079,0,0.155083656,0.391891897
27-Apr-01,Alan Greenspan,271,0.386986315,0.303424656,0,0.159589037,0,0.060273971
10-May-01,Laurence H. Meyer,272,0,0,0,0,0,0.602915466
10-May-01,Alan Greenspan,273,0.331594199,0,0,0.13565217,0,0.410434783
17-May-01,Laurence H. Meyer,274,0,0.053182919,0,0.083803385,0,0.717163563
18-May-01,Alan Greenspan,275,0.117687076,0.105442174,0,0.111564629,0,0.567346931
21-May-01,Laurence H. Meyer,276,0,0,0.736788094,0.073370956,0,0.086198047
21-May-01,Roger W. Ferguson,277,0.126055494,0,0.061519902,0.095295534,0.384197831,0.279855251
24-May-01,Laurence H. Meyer,278,0,0.482042402,0.319342285,0.09043704,0,0
24-May-01,Alan Greenspan,279,0,0.652222216,0.13666667,0.119999997,0,0
6-Jun-01,Laurence H. Meyer,280,0,0.574421942,0.193280354,0,0,0
11-Jun-01,Edward M. Gramlich,281,0.246858165,0.420107722,0,0.195242375,0,0
14-Jun-01,Roger W. Ferguson,282,0,0.513533831,0,0.320300758,0,0
20-Jun-01,Edward M. Gramlich,283,0,0.341659963,0,0,0.442385167,0
20-Jun-01,Alan Greenspan,284,0,0,0,0.731808722,0.103950106,0
28-Jun-01,Alan Greenspan,285,0,0,0,0.5,0.416666657,0
28-Jun-01,Alan Greenspan,286,0,0.62658608,0,0.193353474,0,0
17-Jul-01,Laurence H. Meyer,287,0,0,0.835164845,0,0,0
18-Jul-01,Roger W. Ferguson,288,0,0,0,0,0.5,0
3-Aug-01,Edward M. Gramlich,289,0,0,0,0,0,0
31-Aug-01,Roger W. Ferguson,290,0.176425859,0,0.139163494,0.204562739,0.257794678,0.140684411
31-Aug-01,Alan Greenspan,291,0,0.550505042,0,0,0.207070708,0
4-Sep-01,Roger W. Ferguson,292,0.179611653,0,0,0,0.359223306,0.234627828
11-Oct-01,Alan Greenspan,293,0,0,0.439655185,0.274137944,0,0.124137931
12-Oct-01,Laurence H. Meyer,294,0.639344275,0.131147534,0.081967212,0,0,0
15-Oct-01,Laurence H. Meyer,295,0,0,0,0.059536934,0,0.805402398
16-Oct-01,Roger W. Ferguson,296,0.251006722,0.079865769,0.106040269,0,0,0.469798654
23-Oct-01,Alan Greenspan,297,0.462295085,0,0,0.209836066,0.121311478,0.127868846
23-Oct-01,Edward M. Gramlich,298,0.075129531,0,0,0.07253886,0.476683944,0.27720207
24-Oct-01,Alan Greenspan,299,0.182437032,0,0,0.57794416,0,0
26-Oct-01,Alan Greenspan,300,0.080851063,0.106382981,0,0.33900708,0.390070915,0
8-Nov-01,Roger W. Ferguson,301,0.148614615,0,0,0,0,0.68094039
8-Nov-01,Edward M. Gramlich,302,0,0.0917136,0,0.103781171,0.674175382,0
13-Nov-01,Alan Greenspan,303,0,0.614576042,0,0.265592158,0,0
27-Nov-01,Laurence H. Meyer,304,0,0.790697694,0,0,0,0.058139537
30-Nov-01,Edward M. Gramlich,305,0.163934425,0.254098356,0.303278685,0.131147534,0,0
30-Nov-01,Alan Greenspan,306,0.343127966,0.184834123,0,0.293838859,0,0.081516586
3-Dec-01,Alan Greenspan,307,0.173414305,0.139676109,0,0.573549271,0,0
5-Dec-01,Laurence H. Meyer,308,0.394722074,0,0.192401275,0.147669852,0.168631852,0
18-Dec-01,Laurence H. Meyer,309,0.432084322,0,0.055035129,0.188524589,0.103044495,0.170960188
8-Jan-02,Roger W. Ferguson,310,0,0,0.723684192,0,0,0.11722488
10-Jan-02,Alan Greenspan,311,0,0,0.25,0,0.5,0
11-Jan-02,Alan Greenspan,312,0,0.68699187,0,0.165989161,0,0
16-Jan-02,Alan Greenspan,313,0.400000006,0.141379312,0,0.313793093,0,0
16-Jan-02,Laurence H. Meyer,314,0,0,0.866045117,0,0,0
16-Jan-02,Roger W. Ferguson,315,0,0.744125307,0.067014799,0.074847691,0,0
18-Jan-02,Edward M. Gramlich,316,0,0,0,0,0.780333042,0.061062649
7-Feb-02,Mark W. Olson,317,0.104873538,0,0,0,0.081431217,0.68723011
8-Feb-02,Mark W. Olson,318,0.229029909,0,0,0,0.070021883,0.592268407
20-Feb-02,Edward M. Gramlich,319,0,0.59262228,0.150761828,0.10184443,0,0
27-Feb-02,Roger W. Ferguson,320,0,0.736075401,0.079691514,0.070265636,0,0
28-Feb-02,Alan Greenspan,321,0,0.440289497,0,0.277442694,0,0.103739448
28-Feb-02,Susan Schmidt Bies,322,0.151642203,0,0,0,0,0.670859516
1-Mar-02,Edward M. Gramlich,323,0,0.080622345,0,0,0.690240443,0.09052334
4-Mar-02,Roger W. Ferguson,324,0.127463058,0,0,0.107758619,0,0.607758641
4-Mar-02,Roger W. Ferguson,325,0.290909082,0,0,0.132323235,0,0.429292917
7-Mar-02,Edward M. Gramlich,326,0,0.480769217,0.217121586,0.174317613,0,0
12-Mar-02,Mark W. Olson,327,0,0.092193305,0,0,0.457992554,0.309293687
13-Mar-02,Alan Greenspan,328,0,0.15384616,0,0.307692319,0.384615391,0.07692308
21-Mar-02,Susan S. Bies,329,0,0,0.137931034,0.137931034,0.275862068,0.362068951
26-Mar-02,Mark W. Olson,330,0,0,0,0,0.5,0
26-Mar-02,Alan Greenspan,331,0.080343217,0.251950085,0,0.198127925,0,0.37441498
8-Apr-02,Edward M. Gramlich,332,0,0,0,0,0.670254409,0.150684938
22-Apr-02,Alan Greenspan,333,0.362976402,0.184210524,0,0.238656983,0,0
30-Apr-02,Mark W. Olson,334,0.136125654,0,0,0.058638744,0,0.682722509
2-May-02,Edward M. Gramlich,335,0.062870696,0,0,0.249110326,0.543297768,0.065243177
3-May-02,Alan Greenspan,336,0,0.351506442,0,0.170014352,0,0.351506442
9-May-02,Roger W. Ferguson,337,0.309937447,0,0,0.139680341,0,0.404447526
10-May-02,Alan Greenspan,338,0.136099592,0.138589218,0.075518675,0,0.080497928,0.515352726
11-May-02,Roger W. Ferguson,339,0,0.103448279,0.129817441,0.565922916,0.103448279,0
13-May-02,Roger W. Ferguson,340,0.099397592,0,0.103915662,0.331325293,0.326807231,0
17-May-02,Mark W. Olson,341,0,0,0,0.103162654,0.633283138,0.161897585
21-May-02,Roger W. Ferguson,342,0.176804543,0,0,0,0.222222224,0.478507698
21-May-02,Mark W. Olson,343,0.08915145,0.098818474,0,0.138560683,0,0.597207308
31-May-02,Mark W. Olson,344,0.112164296,0,0.069510266,0.134281203,0,0.578199029
10-Jun-02,Susan S. Bies,345,0,0,0,0,0,0.827111959
11-Jun-02,Susan S. Bies,346,0.135135129,0,0,0,0.150411278,0.57226795
20-Jun-02,Susan S. Bies,347,0,0,0,0,0,0.600000024
5-Jul-02,Edward M. Gramlich,348,0.057999998,0,0.483999997,0.256000012,0,0.119999997
8-Jul-02,Mark W. Olson,349,0.083453238,0,0,0.162589923,0,0.653237402
26-Jul-02,Mark W. Olson,350,0,0.136861309,0,0.4908759,0.232664227,0
30-Aug-02,Alan Greenspan,351,0,0.59663868,0.201680675,0.092436977,0,0
25-Sep-02,Alan Greenspan,352,0,0,0,0,0,0.5
25-Sep-02,Alan Greenspan,353,0.310344815,0,0.125,0.329741389,0,0.146551728
25-Sep-02,Alan Greenspan,354,0.161820486,0,0,0.460177004,0.101137802,0.175726935
28-Sep-02,Susan S. Bies,355,0,0.102693602,0,0,0.107744105,0.670594811
1-Oct-02,Susan S. Bies,356,0.231578946,0,0,0,0,0.596491218
3-Oct-02,Roger W. Ferguson,357,0.353283465,0,0,0,0.164588526,0.338320851
7-Oct-02,Alan Greenspan,358,0.216650903,0.135288551,0,0,0.130558178,0.395458847
8-Oct-02,Susan S. Bies,359,0.078490116,0,0,0,0,0.775913715
9-Oct-02,Roger W. Ferguson,360,0.198113203,0.136118606,0.393530995,0.118598379,0.082210243,0
15-Oct-02,Ben S. Bernanke,361,0.204530954,0.15379706,0.463624775,0.108168475,0,0
16-Oct-02,Roger W. Ferguson,362,0,0,0.069620252,0.416139245,0.373417735,0
16-Oct-02,Edward M. Gramlich,363,0.077665217,0,0.111915097,0.481427878,0.147612154,0.119633384
16-Oct-02,Roger W. Ferguson,364,0.350335062,0,0.402829498,0,0,0.107594937
22-Oct-02,Mark W. Olson,365,0,0,0,0,0.594522357,0
23-Oct-02,Alan Greenspan,366,0,0.549364626,0.092864126,0.256109476,0,0
24-Oct-02,Roger W. Ferguson,367,0,0.550170064,0,0.28231293,0,0
29-Oct-02,Alan Greenspan,368,0,0,0,0,0.5,0
7-Nov-02,Edward M. Gramlich,369,0,0.118577078,0,0.295454532,0.463438749,0
7-Nov-02,Susan S. Bies,370,0,0,0,0,0,0.815976322
8-Nov-02,Ben S. Bernanke,371,0.267667532,0,0.404613703,0.205419257,0,0
12-Nov-02,Alan Greenspan,372,0,0.150381148,0.145530149,0.54123354,0,0
12-Nov-02,Roger W. Ferguson,373,0,0,0,0.75,0,0
12-Nov-02,Susan S. Bies,374,0,0,0,0.5,0,0
12-Nov-02,Mark W. Olson,375,0,0.5,0,0,0,0.25
12-Nov-02,Roger W. Ferguson,376,0,0.226543203,0,0,0.605555534,0
18-Nov-02,Alan Greenspan,377,0.113475174,0,0.304964542,0.297872335,0,0.134751767
18-Nov-02,Mark W. Olson,378,0,0,0,0.298188865,0.557567894,0
19-Nov-02,Alan Greenspan,379,0.348550737,0,0,0.255072474,0,0.212318838
20-Nov-02,Roger W. Ferguson,380,0.339178085,0.089315072,0,0,0.117260277,0.352328777
21-Nov-02,Ben S. Bernanke,381,0.290745854,0.150552481,0.421616018,0,0,0
22-Nov-02,Donald L. Kohn,382,0.126702994,0.648501337,0,0.114441417,0,0
13-Dec-02,Susan S. Bies,383,0.073754787,0.106321841,0,0,0.697318017,0
13-Dec-02,Mark W. Olson,384,0.172330096,0.083737865,0.074029125,0,0.231796116,0.364077657
19-Dec-02,Alan Greenspan,385,0.135185182,0.40324074,0.236574069,0.139351845,0,0
4-Jan-03,Edward M. Gramlich,386,0,0,0.708300412,0.106719367,0,0
3-Feb-03,Ben S. Bernanke,387,0,0.12555626,0.685314715,0.091862686,0,0
5-Feb-03,Roger W. Ferguson,388,0.547826111,0,0,0.079051383,0.129644275,0.143873513
6-Feb-03,Mark W. Olson,389,0.18650794,0.053854875,0,0.083333336,0,0.609410405
11-Feb-03,Susan Schmidt Bies,390,0.219400495,0,0,0,0.063696921,0.570358038
12-Feb-03,Roger W. Ferguson,391,0.153596535,0,0.582477033,0.08274743,0,0.090859927
21-Feb-03,Ben S. Bernanke,392,0.118099235,0.527952492,0,0,0.189028651,0.060447238
27-Feb-03,Susan Schmidt Bies,393,0,0.260022908,0.105383731,0.222222224,0.164948449,0.183848798
28-Feb-03,Donald L. Kohn,394,0,0.676575482,0.157550529,0.0529132,0,0
4-Mar-03,Alan Greenspan,395,0,0.482847333,0,0,0.391080618,0
7-Mar-03,Alan Greenspan,396,0.27741161,0.22828041,0,0.294787288,0,0
13-Mar-03,Mark W. Olson,397,0,0.215372905,0,0,0.369863003,0.280821919
24-Mar-03,Donald L. Kohn,398,0,0.112488523,0.74242425,0,0,0
25-Mar-03,Ben S. Bernanke,399,0,0,0.748637617,0.079700269,0,0.062670298
28-Mar-03,Alan Greenspan,400,0,0,0.086010359,0.191709846,0.500518143,0.124352328
3-Apr-03,Alan Greenspan,401,0.096921325,0.084378563,0,0.345495999,0.370581537,0
4-Apr-03,Alan Greenspan,402,0.052854124,0.138477802,0,0.661733627,0,0.057082452
7-Apr-03,Roger W. Ferguson,403,0.112925172,0,0,0.451700687,0.123809524,0.208163261
9-Apr-03,Roger W. Ferguson,404,0,0,0,0,0,0.817236245
9-Apr-03,Alan Greenspan,405,0.128067479,0.079754598,0.112730063,0.56825155,0,0
10-Apr-03,Mark W. Olson,406,0.064116985,0,0,0,0.06861642,0.74465692
24-Apr-03,Ben S. Bernanke,407,0,0.552103817,0.209594965,0,0,0
24-Apr-03,Edward M. Gramlich,408,0.14705883,0,0.107026145,0.150326803,0.339869291,0.202614382
28-Apr-03,Roger W. Ferguson,409,0,0.100219056,0,0,0,0.728915691
7-May-03,Susan Schmidt Bies,410,0,0,0.071428575,0,0.107142858,0.714285731
8-May-03,Alan Greenspan,411,0.103448279,0.206896558,0,0.310344815,0.137931034,0.172413796
13-May-03,Alan Greenspan,412,0,0,0,0.142857149,0.571428597,0.142857149
16-May-03,Roger W. Ferguson,413,0,0.185960591,0.21305418,0.293103456,0,0.18965517
22-May-03,Mark W. Olson,414,0,0.5,0,0.25,0,0
30-May-03,Susan Schmidt Bies,415,0,0,0,0,0,0.807919145
31-May-03,Ben S. Bernanke,416,0.186596125,0.185185179,0.497707218,0,0,0
10-Jun-03,Donald L. Kohn,417,0,0.121115535,0.57928288,0.150597602,0,0
10-Jun-03,Roger W. Ferguson,418,0,0,0,0,0,0
11-Jun-03,Ben S. Bernanke,419,0,0,0,0.129232898,0.574982703,0.161713898
11-Jun-03,Susan Schmidt Bies,420,0,0,0,0,0,0
11-Jun-03,Roger W. Ferguson,421,0.214379951,0.318601578,0.343007922,0,0,0
13-Jun-03,Edward M. Gramlich,422,0,0.078212291,0,0.211359411,0.61918062,0
16-Jun-03,Susan Schmidt Bies,423,0,0,0,0,0.12314225,0.774946928
17-Jun-03,Roger W. Ferguson,424,0.073866531,0.070809983,0,0,0,0.745797276
20-Jun-03,Donald L. Kohn,425,0.116883114,0,0.675324678,0.103896104,0,0
26-Jun-03,Mark W. Olson,426,0.194535524,0.314754099,0,0,0.204371586,0.180327863
23-Jul-03,Ben S. Bernanke,427,0,0.21137026,0.650145769,0,0,0
7-Aug-03,Susan Schmidt Bies,428,0,0,0,0,0,0.861952841
10-Aug-03,Susan Schmidt Bies,429,0,0,0,0,0,0.84664762
18-Aug-03,Edward M. Gramlich,430,0,0,0,0.230463579,0.580132425,0
29-Aug-03,Alan Greenspan,431,0,0.145085797,0.492979705,0.170046806,0,0.093603745
4-Sep-03,Edward M. Gramlich,432,0.084146343,0,0,0.263414621,0.474390239,0.108536586
4-Sep-03,Ben S. Bernanke,433,0,0.508724093,0,0,0,0
22-Sep-03,Mark W. Olson,434,0,0,0,0.116883114,0.589728475,0.139315233
24-Sep-03,Donald L. Kohn,435,0,0.680922925,0.145751268,0,0,0
26-Sep-03,Alan Greenspan,436,0.118937641,0,0,0.346420318,0.418013871,0
1-Oct-03,Edward M. Gramlich,437,0,0,0.621893466,0.200591713,0,0
2-Oct-03,Ben S. Bernanke,438,0,0.242207795,0.54837662,0,0,0
8-Oct-03,Susan Schmidt Bies,439,0.154774979,0.657519221,0,0,0.06531284,0
8-Oct-03,Roger W. Ferguson,440,0.106417112,0.152941182,0,0.108021393,0,0.539572179
8-Oct-03,Roger W. Ferguson,441,0.116089612,0,0.118126273,0.423625261,0.169042766,0.114052951
9-Oct-03,Edward M. Gramlich,442,0,0,0,0.086012162,0.698523045,0.092962638
17-Oct-03,Donald L. Kohn,443,0,0.158632785,0.585451365,0.106047325,0,0.067484662
17-Oct-03,Ben S. Bernanke,444,0,0,0.820907593,0,0,0
24-Oct-03,Ben S. Bernanke,445,0.084280938,0,0.653511703,0.137123749,0,0
29-Oct-03,Alan Greenspan,446,0.137957916,0,0,0.198752925,0.418550283,0.13484022
31-Oct-03,Susan Schmidt Bies,447,0.144444451,0,0.13333334,0,0.144444451,0.444444448
6-Nov-03,Ben S. Bernanke,448,0,0.664187849,0,0.165557727,0,0
6-Nov-03,Alan Greenspan,449,0,0.648055851,0.055832502,0.1774676,0,0
13-Nov-03,Roger W. Ferguson,450,0,0.400000006,0,0,0,0.400000006
14-Nov-03,Edward M. Gramlich,451,0,0.245504305,0,0,0.503518403,0
20-Nov-03,Alan Greenspan,452,0,0.515328467,0,0.275425792,0,0
21-Nov-03,Roger W. Ferguson,453,0,0.663016021,0.096882895,0.116259478,0,0
22-Nov-03,Mark W. Olson,454,0,0,0,0,0.142564803,0.738062739
2-Dec-03,Roger W. Ferguson,455,0,0,0,0,0,0.791686833
11-Dec-03,Alan Greenspan,456,0,0.201008648,0,0.610951006,0,0
3-Jan-04,Ben S. Bernanke,457,0,0,0.828242898,0,0,0
3-Jan-04,Alan Greenspan,458,0.147788987,0.281225771,0.358805269,0.138091549,0,0
3-Jan-04,Ben S. Bernanke,459,0.22778675,0,0.627355933,0,0,0
4-Jan-04,Roger W. Ferguson,460,0.072709166,0.29721117,0,0.484661341,0,0
4-Jan-04,Ben S. Bernanke,461,0,0.683250427,0.21669431,0,0,0
7-Jan-04,Donald L. Kohn,462,0.079951547,0.47789219,0,0.340399772,0,0
13-Jan-04,Alan Greenspan,463,0,0.385940403,0,0.407355666,0,0
14-Jan-04,Ben S. Bernanke,464,0,0,0.626817465,0,0,0
26-Jan-04,Alan Greenspan,465,0,0.202963918,0,0.559278369,0,0
4-Feb-04,Susan Schmidt Bies,466,0,0,0,0,0,0.857406259
19-Feb-04,Susan Schmidt Bies,467,0.28449437,0.098876402,0,0,0,0.492134839
20-Feb-04,Alan Greenspan,468,0,0,0,0.617181599,0,0
20-Feb-04,Ben S. Bernanke,469,0,0.11146497,0.775796175,0,0,0
23-Feb-04,Alan Greenspan,470,0,0.439914167,0,0,0.407725334,0
25-Feb-04,Edward M. Gramlich,471,0,0.704320669,0.135866731,0,0,0
25-Feb-04,Susan Schmidt Bies,472,0.160409555,0,0,0,0,0.663395882
26-Feb-04,Ben S. Bernanke,473,0.282608688,0,0.232866615,0.362564474,0,0
26-Feb-04,Susan Schmidt Bies,474,0,0.646857917,0,0,0.127732247,0
27-Feb-04,Mark W. Olson,475,0,0.308375627,0,0,0.298223346,0.209390864
27-Feb-04,Alan Greenspan,476,0,0.11829026,0,0.687872767,0,0
1-Mar-04,Mark W. Olson,477,0.186846033,0.431988031,0,0,0.186846033,0
2-Mar-04,Ben S. Bernanke,478,0.339304537,0,0.32771337,0.219880581,0,0
2-Mar-04,Alan Greenspan,479,0.233141661,0.403031886,0,0.251960278,0,0
12-Mar-04,Alan Greenspan,480,0,0,0,0.630712986,0,0
17-Mar-04,Alan Greenspan,481,0,0.163546801,0,0.092610836,0.267980307,0.356650233
25-Mar-04,Alan Greenspan,482,0,0.238095239,0,0.602756917,0,0
25-Mar-04,Donald L. Kohn,483,0,0.695457458,0.18746002,0,0,0
26-Mar-04,Donald L. Kohn,484,0.053818181,0,0.457454532,0.28945455,0,0.101818182
26-Mar-04,Edward M. Gramlich,485,0,0,0.461200595,0.313323587,0.098096631,0
27-Mar-04,Ben S. Bernanke,486,0,0,0.808114052,0,0,0
30-Mar-04,Ben S. Bernanke,487,0,0.336690634,0,0.497841716,0,0
31-Mar-04,Edward M. Gramlich,488,0,0.707444012,0.152004167,0,0,0
1-Apr-04,Donald L. Kohn,489,0,0.481550962,0.22138837,0,0,0
1-Apr-04,Ben S. Bernanke,490,0,0,0.138755977,0.339712918,0.320574164,0.086124405
8-Apr-04,Roger W. Ferguson,491,0,0.681520343,0,0.095674969,0.091743119,0
15-Apr-04,Ben S. Bernanke,492,0.158601195,0,0.708230317,0,0,0
16-Apr-04,Alan Greenspan,493,0.18469657,0,0,0.535620034,0,0.147757262
16-Apr-04,Ben S. Bernanke,494,0.126430511,0,0,0.235422343,0.50408721,0
22-Apr-04,Ben S. Bernanke,495,0,0.649235308,0,0,0,0
22-Apr-04,Susan Schmidt Bies,496,0.108363636,0.664727271,0,0,0.136727273,0
23-Apr-04,Roger W. Ferguson,497,0,0.694063902,0,0.14794521,0,0
23-Apr-04,Ben S. Bernanke,498,0,0.650566757,0,0,0,0
26-Apr-04,Susan Schmidt Bies,499,0,0,0,0.060565274,0.087931804,0.768057406
26-Apr-04,Mark W. Olson,500,0.435146451,0,0,0.263598323,0,0.13389121
27-Apr-04,Susan Schmidt Bies,501,0.1642178,0,0,0,0,0.639585137
27-Apr-04,Alan Greenspan,502,0,0.715492964,0,0,0,0
5-May-04,Mark W. Olson,503,0.106425703,0,0.538821936,0.139223561,0.064257026,0.089692101
6-May-04,Alan Greenspan,504,0.096671946,0.450607508,0,0.343898565,0,0
6-May-04,Mark W. Olson,505,0.082008369,0.09205021,0,0,0.293723851,0.446025103
6-May-04,Susan Schmidt Bies,506,0,0,0,0,0,0.748196244
13-May-04,Alan Greenspan,507,0,0,0.068669528,0.757510722,0,0.06437768
14-May-04,Edward M. Gramlich,508,0,0.698073924,0.136387303,0,0,0
17-May-04,Roger W. Ferguson,509,0.393060297,0.07224118,0.191695109,0,0,0.268486917
17-May-04,Susan Schmidt Bies,510,0,0,0,0,0,0.784926474
19-May-04,Susan Schmidt Bies,511,0,0,0,0,0,0
20-May-04,Ben S. Bernanke,512,0,0.117817283,0.726746619,0,0,0
20-May-04,Edward M. Gramlich,513,0.108108111,0,0,0.369369358,0.330330342,0.120120123
20-May-04,Alan Greenspan,514,0.119170986,0.119170986,0,0.658031106,0,0
21-May-04,Edward M. Gramlich,515,0,0.088117488,0,0,0.712950587,0.090120159
22-May-04,Roger W. Ferguson,516,0.120535716,0,0.096726194,0.494047612,0.092261903,0.145833328
3-Jun-04,Susan Schmidt Bies,517,0,0,0.086242303,0,0.100616015,0.697467506
4-Jun-04,Donald L. Kohn,518,0,0.532266676,0.32373333,0,0,0
8-Jun-04,Alan Greenspan,519,0.097203732,0.684420764,0.073235683,0,0,0
10-Jun-04,Mark W. Olson,520,0,0,0,0,0,0.734212995
15-Jun-04,Mark W. Olson,521,0,0.485465109,0.084302329,0.324612409,0,0
21-Jun-04,Ben S. Bernanke,522,0.315033168,0,0.212232873,0.35003686,0,0
22-Jun-04,Susan Schmidt Bies,523,0,0,0,0,0,0.809550881
24-Jun-04,Edward M. Gramlich,524,0,0.472507566,0,0.147432029,0,0.157703921
7-Jul-04,Roger W. Ferguson,525,0,0.476904631,0,0.350929826,0,0.052189562
15-Jul-04,Susan Schmidt Bies,526,0,0.462847412,0,0,0.146908686,0.277935326
16-Jul-04,Susan Schmidt Bies,527,0.06269113,0,0,0,0.156472981,0.680428147
21-Jul-04,Roger W. Ferguson,528,0,0.689126074,0.070046701,0.112074718,0,0
12-Aug-04,Susan Schmidt Bies,529,0,0,0,0,0,0.652339995
12-Aug-04,Edward M. Gramlich,530,0,0.250614256,0.168304667,0.382063895,0,0.101965599
27-Aug-04,Alan Greenspan,531,0,0.505894959,0,0,0,0
10-Sep-04,Edward M. Gramlich,532,0,0,0,0.087096773,0.725806475,0.064516127
16-Sep-04,Edward M. Gramlich,533,0,0,0.476230204,0,0,0
28-Sep-04,Susan Schmidt Bies,534,0.077419356,0,0,0,0.138709679,0.635483861
30-Sep-04,Susan Schmidt Bies,535,0.119829684,0.428223848,0,0,0.096107058,0.283454984
4-Oct-04,Ben S. Bernanke,536,0,0,0,0,0,0.765782237
5-Oct-04,Alan Greenspan,537,0.236121386,0,0,0.119170986,0.108808286,0.425610662
6-Oct-04,Roger W. Ferguson,538,0,0.609557688,0,0.164717838,0.110320285,0
7-Oct-04,Roger W. Ferguson,539,0,0.231566355,0.092865683,0.542845726,0,0
7-Oct-04,Ben S. Bernanke,540,0.130127922,0,0.690339684,0,0,0
7-Oct-04,Alan Greenspan,541,0.226579517,0.126361653,0.34204793,0.209150329,0,0
8-Oct-04,Roger W. Ferguson,542,0.098238483,0.088753387,0.684281826,0,0,0
8-Oct-04,Ben S. Bernanke,543,0,0,0.753240049,0.106272683,0,0
14-Oct-04,Ben S. Bernanke,544,0.186399013,0,0.336337566,0.348627597,0,0
15-Oct-04,Donald L. Kohn,545,0.245112777,0.191729322,0.400000006,0.07218045,0,0
15-Oct-04,Alan Greenspan,546,0,0.753764391,0,0,0,0
19-Oct-04,Alan Greenspan,547,0,0.522813678,0,0,0.34505704,0
21-Oct-04,Ben S. Bernanke,548,0,0.589309454,0.237715811,0,0,0
21-Oct-04,Susan Schmidt Bies,549,0,0,0,0,0,0.834987581
23-Oct-04,Susan Schmidt Bies,550,0.140601113,0.322465628,0.254712164,0.109016813,0.111563936,0
26-Oct-04,Roger W. Ferguson,551,0,0.707702041,0,0.13257575,0,0
29-Oct-04,Roger W. Ferguson,552,0,0.37062937,0.504495502,0,0,0
5-Nov-04,Susan Schmidt Bies,553,0.117854625,0,0,0,0,0.710656345
15-Nov-04,Mark W. Olson,554,0,0.786754012,0,0,0,0
18-Nov-04,Susan Schmidt Bies,555,0.104006164,0.062403698,0,0,0,0.72187984
19-Nov-04,Alan Greenspan,556,0,0.540138721,0,0.285431117,0,0
2-Dec-04,Ben S. Bernanke,557,0,0,0.796747983,0,0,0
7-Dec-04,Susan Schmidt Bies,558,0.110534512,0,0,0,0.062272962,0.702127635
6-Jan-05,Donald L. Kohn,559,0.463739187,0,0.135063201,0.079840317,0,0.227544904
7-Jan-05,Ben S. Bernanke,560,0,0,0.226215646,0.241014794,0.116279073,0.289640605
7-Jan-05,Roger W. Ferguson,561,0,0.597794533,0,0.217063263,0,0
9-Jan-05,Donald L. Kohn,562,0.142020494,0.108345531,0.614202023,0,0,0
12-Jan-05,Roger W. Ferguson,563,0,0.461275131,0.309370995,0,0,0
18-Jan-05,Susan Schmidt Bies,564,0.070669502,0.572794914,0,0,0.185972363,0.074920297
19-Jan-05,Ben S. Bernanke,565,0,0.446922749,0,0.373812467,0,0
27-Jan-05,Roger W. Ferguson,566,0,0.461275131,0.308515191,0,0,0
4-Feb-05,Alan Greenspan,567,0.097777776,0.551851869,0,0.237777784,0,0
6-Feb-05,Alan Greenspan,568,0,0.088594161,0.083289124,0.702917755,0,0
7-Feb-05,Susan Schmidt Bies,569,0.08268331,0,0.519500792,0.098283932,0,0.180967242
11-Feb-05,Ben S. Bernanke,570,0,0.104518667,0.4404715,0.300589383,0,0
24-Feb-05,Ben S. Bernanke,571,0,0.46592316,0,0.353985965,0,0
28-Feb-05,Mark W. Olson,572,0,0.32846716,0,0,0.259854019,0.194160581
2-Mar-05,Edward M. Gramlich,573,0,0.600116074,0,0.164828792,0,0
8-Mar-05,Ben S. Bernanke,574,0,0.602359474,0,0,0,0
10-Mar-05,Alan Greenspan,575,0.080020651,0.476510078,0,0.323180169,0,0
10-Mar-05,Ben S. Bernanke,576,0,0.599808991,0,0.227634504,0,0
11-Mar-05,Alan Greenspan,577,0.092280388,0,0,0,0.171251103,0.614906847
14-Mar-05,Susan Schmidt Bies,578,0,0,0,0,0,0.817340076
18-Mar-05,Alan Greenspan,579,0,0,0,0.160071939,0.594424486,0.124100722
30-Mar-05,Ben S. Bernanke,580,0.384903878,0.117205814,0.389592111,0,0,0
31-Mar-05,Susan Schmidt Bies,581,0,0,0,0,0,0.650233507
5-Apr-05,Alan Greenspan,582,0,0.680971682,0,0.205668017,0,0
8-Apr-05,Alan Greenspan,583,0.121212125,0,0,0.176767677,0.486111104,0.141414136
14-Apr-05,Donald L. Kohn,584,0,0.669131219,0.184842885,0,0,0
14-Apr-05,Ben S. Bernanke,585,0,0.604853749,0,0.224953324,0,0
18-Apr-05,Susan Schmidt Bies,586,0.065602072,0.398359954,0,0.13638325,0.312473029,0
20-Apr-05,Roger W. Ferguson,587,0,0.677895725,0.127826482,0.098754041,0,0
21-Apr-05,Edward M. Gramlich,588,0,0,0,0.528906703,0,0
22-Apr-05,Donald L. Kohn,589,0.116125762,0.620182574,0.12221095,0,0,0
27-Apr-05,Roger W. Ferguson,590,0.212101057,0,0.484707445,0,0,0.126329795
5-May-05,Alan Greenspan,591,0.516829967,0,0,0,0,0.336173832
12-May-05,Roger W. Ferguson,592,0.14794521,0.174951077,0,0.451663405,0,0
15-May-05,Alan Greenspan,593,0.08421053,0,0,0.593421042,0,0.192105263
16-May-05,Mark W. Olson,594,0,0,0,0,0,0.824274004
17-May-05,Susan Schmidt Bies,595,0.098484851,0,0,0,0,0.735690236
19-May-05,Mark W. Olson,596,0.125437975,0,0,0,0.508058846,0.224947438
19-May-05,Susan Schmidt Bies,597,0,0,0,0,0,0
19-May-05,Alan Greenspan,598,0.385670722,0.123983741,0,0,0.333333343,0
20-May-05,Alan Greenspan,599,0,0.71233654,0,0,0,0
20-May-05,Donald L. Kohn,600,0,0.187335089,0.620052755,0,0,0
26-May-05,Edward M. Gramlich,601,0,0,0.685049832,0.114285715,0,0
26-May-05,Susan Schmidt Bies,602,0,0,0,0,0,0
27-May-05,Roger W. Ferguson,603,0.145810053,0.321229041,0.374860346,0,0,0
3-Jun-05,Mark W. Olson,604,0,0.318302393,0,0,0.218390808,0.313881516
3-Jun-05,Edward M. Gramlich,605,0,0,0,0,0.655455291,0.136177197
6-Jun-05,Alan Greenspan,606,0.272865862,0.318597555,0.092987806,0.227134153,0,0
7-Jun-05,Susan Schmidt Bies,607,0,0,0,0,0.169611305,0.675618351
8-Jun-05,Susan Schmidt Bies,608,0,0,0,0,0,0
14-Jun-05,Susan Schmidt Bies,609,0,0,0,0,0.221357852,0.616690218
15-Jun-05,Donald L. Kohn,610,0.274944574,0.268292695,0.107908353,0,0,0.262379885
23-Jun-05,Mark W. Olson,611,0,0,0,0.131547615,0.620238066,0.117261901
21-Jul-05,Donald L. Kohn,612,0.201173514,0.20787929,0.394803017,0,0,0
26-Aug-05,Alan Greenspan,613,0.102332585,0.262603462,0.324303985,0.236267865,0,0
27-Aug-05,Alan Greenspan,614,0,0.279411763,0.332352936,0.129411772,0.094117649,0.100000001
27-Aug-05,Donald L. Kohn,615,0.356282264,0.114457831,0.243545607,0,0,0.154044747
16-Sep-05,Mark W. Olson,616,0.162442401,0.175115213,0,0,0.251152068,0.324884802
24-Sep-05,Roger W. Ferguson,617,0.202513963,0.087988824,0,0.07960894,0,0.525139689
26-Sep-05,Susan Schmidt Bies,618,0,0,0,0,0,0.838035524
26-Sep-05,Alan Greenspan,619,0,0.528875351,0,0.05319149,0.308510631,0
27-Sep-05,Alan Greenspan,620,0.220713079,0.191001698,0,0.432088286,0,0
28-Sep-05,Roger W. Ferguson,621,0.418749988,0,0.128124997,0.237499997,0,0.109375
29-Sep-05,Donald L. Kohn,622,0,0.147313684,0.687175035,0,0,0
11-Oct-05,Donald L. Kohn,623,0,0.376867265,0.176696539,0.356380701,0,0
12-Oct-05,Mark W. Olson,624,0,0.729125559,0,0.102564104,0,0
12-Oct-05,Susan Schmidt Bies,625,0,0,0,0,0.319177181,0.53218317
12-Oct-05,Alan Greenspan,626,0.196737051,0.177543193,0,0.487524003,0,0
13-Oct-05,Mark W. Olson,627,0,0.717948735,0,0.105851412,0,0
17-Oct-05,Alan Greenspan,628,0,0.708086789,0,0.190664038,0,0
18-Oct-05,Roger W. Ferguson,629,0,0.688741744,0.152980134,0,0,0
19-Oct-05,Donald L. Kohn,630,0,0.7192747,0,0,0,0
26-Oct-05,Alan Greenspan,631,0.121276595,0.084042557,0.243617028,0.454255313,0,0
27-Oct-05,Alan Greenspan,632,0.146341458,0,0,0.341463417,0.32195121,0.073170729
3-Nov-05,Roger W. Ferguson,633,0,0.138258964,0.591075361,0.166057065,0,0
7-Nov-05,Mark W. Olson,634,0,0,0,0,0.596252143,0.237649068
14-Nov-05,Alan Greenspan,635,0,0.451811343,0,0.328776479,0,0
15-Nov-05,Mark W. Olson,636,0.247731403,0,0,0,0.384754986,0.183303088
15-Nov-05,Roger W. Ferguson,637,0.280130297,0.209011942,0.410423458,0,0,0
28-Nov-05,Roger W. Ferguson,638,0.404485047,0,0,0.091362126,0.08139535,0.308970094
29-Nov-05,Roger W. Ferguson,639,0,0.134464756,0,0,0.695169687,0.060704961
30-Nov-05,Susan Schmidt Bies,640,0,0,0,0,0,0.859638572
2-Dec-05,Alan Greenspan,641,0.113367178,0.545967281,0,0.232374504,0,0
2-Dec-05,Alan Greenspan,642,0,0.408783793,0,0.337837845,0,0.105855852
5-Dec-05,Mark W. Olson,643,0,0,0,0.478386164,0.274735838,0
6-Dec-05,Susan Schmidt Bies,644,0,0,0,0,0,0
14-Dec-05,Alan Greenspan,645,0.137996227,0,0,0.676748574,0,0
18-Jan-06,Susan Schmidt Bies,646,0,0.569874465,0,0,0,0
2-Feb-06,Susan Schmidt Bies,647,0,0,0,0,0,0.666168809
6-Feb-06,Ben S. Bernanke,648,0.156682029,0,0.179723501,0.400921673,0.115207374,0
23-Feb-06,Roger W. Ferguson,649,0.18498452,0.106037155,0,0,0.09752322,0.5
24-Feb-06,Ben S. Bernanke,650,0,0.090332031,0.614257813,0.162597656,0,0
24-Feb-06,Roger W. Ferguson,651,0,0.129918337,0,0.491462499,0.292501867,0
3-Mar-06,Roger W. Ferguson,652,0,0.668718517,0,0,0,0
8-Mar-06,Ben S. Bernanke,653,0,0.088749997,0,0,0.357499987,0.413749993
10-Mar-06,Roger W. Ferguson,654,0.116060965,0,0,0,0,0.742086768
13-Mar-06,Mark W. Olson,655,0.263157904,0,0,0.122267209,0,0.448583007
16-Mar-06,Donald L. Kohn,656,0.149469629,0.214561239,0.508678854,0,0,0
20-Mar-06,Ben S. Bernanke,657,0,0.357223481,0.458239287,0,0,0
29-Mar-06,Susan Schmidt Bies,658,0,0,0,0,0,0
31-Mar-06,Susan Schmidt Bies,659,0,0,0,0,0,0.80898267
31-Mar-06,Roger W. Ferguson,660,0.420661151,0,0.069421485,0.10082645,0,0.314049602
3-Apr-06,Randall S. Kroszner,661,0.494659543,0,0,0.119492657,0,0.277703613
5-Apr-06,Ben S. Bernanke,662,0,0,0.072992697,0.364963502,0.416058391,0.069343068
6-Apr-06,Randall S. Kroszner,663,0.104918033,0,0.106323183,0.332084298,0.10772834,0.274004698
10-Apr-06,Susan Schmidt Bies,664,0,0,0,0,0,0.733972728
10-Apr-06,Mark W. Olson,665,0,0,0,0.147356585,0,0.708661437
13-Apr-06,Donald L. Kohn,666,0,0.647482038,0.153956831,0,0.106474817,0
13-Apr-06,Mark W. Olson,667,0,0.719471931,0,0,0,0
17-Apr-06,Roger W. Ferguson,668,0.371212125,0,0.192640692,0,0,0.186688319
20-Apr-06,Ben S. Bernanke,669,0.109286167,0,0,0.20783323,0.479469359,0.113076434
27-Apr-06,Donald L. Kohn,670,0,0.742629468,0,0.098804779,0,0
28-Apr-06,Susan Schmidt Bies,671,0.08855664,0,0,0,0,0.779183447
3-May-06,Ben S. Bernanke,672,0,0,0,0.290062666,0.600716233,0
4-May-06,Susan Schmidt Bies,673,0.090819351,0,0,0,0.19200395,0.62092793
11-May-06,Donald L. Kohn,674,0,0,0,0.190652817,0.516320467,0.173590511
16-May-06,Ben S. Bernanke,675,0.459204316,0,0,0,0,0
16-May-06,Susan Schmidt Bies,676,0,0,0,0,0,0
16-May-06,Mark W. Olson,677,0,0,0,0,0,0
18-May-06,Donald L. Kohn,678,0.556983232,0,0,0,0,0.229608938
18-May-06,Ben S. Bernanke,679,0,0,0,0,0,0.806133032
24-May-06,Randall S. Kroszner,680,0,0.122508511,0.145843461,0.478852689,0,0.140009716
25-May-06,Mark W. Olson,681,0,0.167372882,0,0.191737294,0.510593235,0
5-Jun-06,Ben S. Bernanke,682,0,0.696065128,0,0,0,0
6-Jun-06,Susan Schmidt Bies,683,0,0.07378985,0,0,0.128099173,0.681818187
9-Jun-06,Ben S. Bernanke,684,0,0.113374069,0,0.683638811,0,0.069925323
12-Jun-06,Mark W. Olson,685,0,0,0,0,0,0.849629104
12-Jun-06,Susan Schmidt Bies,686,0.102075152,0,0,0,0,0.758272588
12-Jun-06,Ben S. Bernanke,687,0,0,0,0,0,0.802469134
13-Jun-06,Ben S. Bernanke,688,0.08045166,0,0.057868738,0.15031758,0.607621729,0
14-Jun-06,Susan Schmidt Bies,689,0,0.289531082,0,0,0.388222456,0
15-Jun-06,Randall S. Kroszner,690,0,0.230102867,0.364374667,0.22414726,0,0
15-Jun-06,Ben S. Bernanke,691,0,0.719132364,0,0.146829814,0,0
16-Jun-06,Donald L. Kohn,692,0,0.373125374,0.356928617,0,0,0
16-Jun-06,Randall S. Kroszner,693,0,0.200866267,0.38548997,0.240389824,0,0
4-Jul-06,Susan Schmidt Bies,694,0,0,0,0,0,0
6-Jul-06,Donald L. Kohn,695,0,0.469866067,0.1796875,0.213727683,0,0
18-Jul-06,Kevin Warsh,696,0.122807018,0.603070199,0,0,0,0.125548244
25-Aug-06,Ben S. Bernanke,697,0.095394738,0.148026317,0,0.633771956,0,0
31-Aug-06,Ben S. Bernanke,698,0,0.3936508,0,0.465079367,0,0
1-Sep-06,Ben S. Bernanke,699,0,0,0,0.664634168,0.155487806,0
11-Sep-06,Donald L. Kohn,700,0.130893737,0,0,0.120337792,0.525686145,0.128078818
27-Sep-06,Randall S. Kroszner,701,0,0.371171921,0,0.394446701,0,0
4-Oct-06,Donald L. Kohn,702,0,0.638323367,0.185029939,0,0,0
4-Oct-06,Ben S. Bernanke,703,0,0.462032706,0,0.356892526,0,0
11-Oct-06,Susan Schmidt Bies,704,0,0,0,0,0.128256515,0.701402783
12-Oct-06,Frederic S. Mishkin,705,0.179104477,0,0,0.631408155,0,0
16-Oct-06,Ben S. Bernanke,706,0,0,0,0,0.203575552,0.639561713
17-Oct-06,Susan Schmidt Bies,707,0,0,0,0,0,0.704199612
1-Nov-06,Ben S. Bernanke,708,0,0,0.079391889,0.089527026,0.658220708,0.077139638
2-Nov-06,Susan S. Bies,709,0,0.72901082,0.123857021,0,0,0
3-Nov-06,Donald L. Kohn,710,0.098200902,0,0,0.12743628,0.308095962,0.344077975
10-Nov-06,Ben S. Bernanke,711,0.137333333,0,0.597333312,0.084666669,0.067333333,0
16-Nov-06,Randall S. Kroszner,712,0,0.162928477,0.379602194,0.284384251,0,0
21-Nov-06,Kevin Warsh,713,0.308074534,0,0.285093158,0,0,0.245962739
28-Nov-06,Ben S. Bernanke,714,0,0.757948697,0.119999997,0,0,0
30-Nov-06,Susan Schmidt Bies,715,0,0,0,0,0,0.829725802
1-Dec-06,Donald L. Kohn,716,0,0.17700626,0.634604454,0,0,0.066021629
1-Dec-06,Ben S. Bernanke,717,0,0,0.433734953,0.132530123,0.144578308,0.156626508
15-Dec-06,Ben S. Bernanke,718,0.098173514,0.34322679,0.085996956,0.380517513,0,0
5-Jan-07,Ben S. Bernanke,719,0.354777306,0,0.152645603,0,0,0.370384455
8-Jan-07,Donald L. Kohn,720,0,0.722082257,0,0,0,0
11-Jan-07,Susan Schmidt Bies,721,0,0,0,0,0.33502537,0.541243672
17-Jan-07,Frederic S. Mishkin,722,0.194871798,0.196794868,0.458974361,0,0,0
18-Jan-07,Susan Schmidt Bies,723,0,0.334198236,0,0,0.432797104,0.09859886
6-Feb-07,Ben S. Bernanke,724,0,0.241241246,0.145478815,0.519185841,0,0
21-Feb-07,Donald L. Kohn,725,0.483072907,0,0,0.059244793,0,0.322265625
26-Feb-07,Susan Schmidt Bies,726,0,0,0,0,0,0.892388463
2-Mar-07,Ben S. Bernanke,727,0,0.225123495,0.473888487,0.172547638,0,0
5-Mar-07,Randall S. Kroszner,728,0.092604928,0,0,0.116588943,0.447701544,0.239173889
5-Mar-07,Kevin Warsh,729,0.369844168,0.259853333,0.185609534,0.084326304,0,0
6-Mar-07,Ben S. Bernanke,730,0.276176572,0,0,0,0.389638811,0.215614736
9-Mar-07,Donald L. Kohn,731,0.079956189,0.148959473,0.635268331,0,0,0
9-Mar-07,Randall S. Kroszner,732,0,0.166223407,0.418882966,0.203457445,0,0
12-Mar-07,Randall S. Kroszner,733,0,0.1875875,0.630424619,0,0,0
22-Mar-07,Donald L. Kohn,734,0.282967031,0.14766483,0.28434065,0,0,0.206730768
22-Mar-07,Randall S. Kroszner,735,0.501377404,0,0,0.064462811,0.079338841,0.253443539
23-Mar-07,Frederic S. Mishkin,736,0,0,0.76596415,0,0,0
30-Mar-07,Ben S. Bernanke,737,0.076297447,0,0.070487991,0,0.572424471,0.18706429
10-Apr-07,Frederic S. Mishkin,738,0,0.192194402,0.634756982,0,0,0
11-Apr-07,Ben S. Bernanke,739,0.475538164,0,0,0,0,0.372798443
20-Apr-07,Frederic S. Mishkin,740,0,0.663123488,0.165167615,0,0,0
25-Apr-07,Ben S. Bernanke,741,0,0,0,0.451178461,0.356902361,0
26-Apr-07,Frederic S. Mishkin,742,0.160482377,0,0.071119353,0.630797803,0,0
1-May-07,Ben S. Bernanke,743,0,0.198918507,0.064889915,0.604480505,0.064117417,0
10-May-07,Randall S. Kroszner,744,0,0,0,0.19502762,0.43535912,0.200552493
15-May-07,Randall S. Kroszner,745,0.161918327,0.305792987,0,0.375593543,0,0
15-May-07,Ben S. Bernanke,746,0.430049002,0,0,0.069678821,0,0.407185614
16-May-07,Randall S. Kroszner,747,0,0.18577075,0.326086968,0.275197625,0,0
16-May-07,Donald L. Kohn,748,0.533820868,0.101462521,0,0,0,0.189213887
17-May-07,Ben S. Bernanke,749,0,0.147351861,0,0,0.585736752,0.148925006
22-May-07,Ben S. Bernanke,750,0,0,0,0.748414397,0.122621566,0
23-May-07,Randall S. Kroszner,751,0,0,0,0,0.567975819,0.257401824
24-May-07,Frederic S. Mishkin,752,0,0.209972724,0.645890117,0,0,0
1-Jun-07,Randall S. Kroszner,753,0.094703048,0.453451037,0.092295349,0,0.259229541,0
5-Jun-07,Kevin Warsh,754,0.437258154,0.11774461,0.098949693,0.152017683,0,0.143173024
5-Jun-07,Ben S. Bernanke,755,0,0.308270663,0,0,0.474758327,0.097744361
14-Jun-07,Randall S. Kroszner,756,0,0,0,0,0.625,0
15-Jun-07,Ben S. Bernanke,757,0.269791245,0.092556126,0.342654586,0.070894055,0.158330053,0
23-Jun-07,Frederic S. Mishkin,758,0.147495359,0.071119353,0,0.639455795,0,0
10-Jul-07,Ben S. Bernanke,759,0,0,0.847049952,0,0,0
12-Jul-07,Randall S. Kroszner,760,0,0,0,0,0,0.826160789
1-Aug-07,Randall S. Kroszner,761,0,0,0,0,0.60073936,0
31-Aug-07,Ben S. Bernanke,762,0.252354652,0.223773956,0.120493665,0,0.314387798,0
1-Sep-07,Frederic S. Mishkin,763,0.181818187,0.07692308,0.503496528,0,0.139860138,0
6-Sep-07,Randall S. Kroszner,764,0.363832086,0,0.137244344,0.166846067,0,0.222820237
10-Sep-07,Frederic S. Mishkin,765,0.152132407,0.495225966,0.180776581,0,0,0
11-Sep-07,Ben S. Bernanke,766,0,0.650185883,0,0.188847587,0,0
21-Sep-07,Donald L. Kohn,767,0.103718199,0.1223092,0.535225034,0.115459882,0,0
21-Sep-07,Frederic S. Mishkin,768,0,0,0.297297299,0.162162155,0.135135129,0.243243247
21-Sep-07,Kevin Warsh,769,0.465596318,0,0.138379201,0.113149844,0.126911312,0
24-Sep-07,Ben S. Bernanke,770,0,0,0.109219402,0.67394799,0.113074206,0
27-Sep-07,Frederic S. Mishkin,771,0,0,0.54937166,0.21992819,0,0
28-Sep-07,Frederic S. Mishkin,772,0.555141211,0.077783696,0,0.133724034,0,0.11614278
5-Oct-07,Donald L. Kohn,773,0.24165915,0.452660054,0.127141565,0,0,0
5-Oct-07,Kevin Warsh,774,0.506211162,0.114130437,0.156055897,0,0,0.120341614
11-Oct-07,Randall S. Kroszner,775,0.217470989,0,0,0,0.386682957,0.298717171
12-Oct-07,Donald L. Kohn,776,0,0.104313724,0.732549012,0,0,0.060392156
12-Oct-07,Ben S. Bernanke,777,0,0,0.609865487,0.206278026,0,0
15-Oct-07,Ben S. Bernanke,778,0.552503347,0.234824985,0,0,0.114754096,0
19-Oct-07,Ben S. Bernanke,779,0,0,0.833108127,0,0,0
20-Oct-07,Frederic S. Mishkin,780,0,0,0.797694743,0,0,0
22-Oct-07,Randall S. Kroszner,781,0.514957249,0.100427352,0.121794872,0,0,0.138888896
26-Oct-07,Frederic S. Mishkin,782,0.610114932,0.063908048,0.168735638,0,0.071724139,0
5-Nov-07,Randall S. Kroszner,783,0.081311472,0.142950818,0,0,0.663606584,0
5-Nov-07,Frederic S. Mishkin,784,0.47088185,0.117027178,0.300610095,0,0,0
6-Nov-07,Ben S. Bernanke,785,0,0,0,0.218493655,0.592841148,0.066368379
7-Nov-07,Kevin Warsh,786,0.365422398,0.16699411,0.172233135,0.222658813,0,0
13-Nov-07,Randall S. Kroszner,787,0,0,0,0,0,0
14-Nov-07,Ben S. Bernanke,788,0,0,0.7302742,0,0,0.097369894
16-Nov-07,Randall S. Kroszner,789,0.202323988,0.308270663,0.280246079,0,0.123718388,0
28-Nov-07,Donald L. Kohn,790,0.508714616,0.168845311,0.152505443,0,0.068627454,0
29-Nov-07,Ben S. Bernanke,791,0.060332872,0.187239945,0.088765606,0.434812754,0.169209436,0
29-Nov-07,Frederic S. Mishkin,792,0,0.078608863,0.783230126,0,0,0
30-Nov-07,Randall S. Kroszner,793,0.299283147,0,0,0,0,0.33930704
4-Jan-08,Donald L. Kohn,794,0,0,0.635150194,0.140155733,0,0
5-Jan-08,Donald L. Kohn,795,0.107989468,0,0.674275696,0.062335383,0,0.078138717
10-Jan-08,Ben S. Bernanke,796,0.452871084,0.203683645,0.111592636,0,0.169555798,0
11-Jan-08,Frederic S. Mishkin,797,0.239081502,0,0.64745611,0,0,0
4-Feb-08,Randall S. Kroszner,798,0,0,0,0,0.676470578,0.181283429
15-Feb-08,Frederic S. Mishkin,799,0.605390847,0,0.279784381,0,0,0
25-Feb-08,Frederic S. Mishkin,800,0,0.0935743,0.817269087,0,0,0
25-Feb-08,Randall S. Kroszner,801,0.164139748,0,0,0,0,0.705998659
26-Feb-08,Donald L. Kohn,802,0.259259254,0.47128287,0,0,0.119162641,0
27-Feb-08,Frederic S. Mishkin,803,0,0,0.205073997,0.308668077,0.30021143,0.088794924
29-Feb-08,Frederic S. Mishkin,804,0.341654778,0.188302428,0.145506427,0,0.210413694,0.061340943
3-Mar-08,Randall S. Kroszner,805,0.500874639,0,0,0,0,0
4-Mar-08,Ben S. Bernanke,806,0.11694809,0.15384616,0,0,0.613508463,0
4-Mar-08,Frederic S. Mishkin,807,0.097340696,0.494229794,0.276969403,0,0,0
7-Mar-08,Donald L. Kohn,808,0.172794119,0.372549027,0.299019605,0,0,0
7-Mar-08,Frederic S. Mishkin,809,0,0.126185268,0.717724264,0,0,0
11-Mar-08,Randall S. Kroszner,810,0.206650838,0,0,0,0,0.642517805
14-Mar-08,Ben S. Bernanke,811,0.065204144,0,0,0,0.723948836,0.084095061
27-Mar-08,Randall S. Kroszner,812,0,0,0,0,0.682040155,0.172002167
27-Mar-08,Frederic S. Mishkin,813,0,0,0.797519147,0.063845314,0,0
3-Apr-08,Frederic S. Mishkin,814,0,0,0.821904123,0,0,0
4-Apr-08,Randall S. Kroszner,815,0.32903558,0.169675097,0,0.165033519,0,0.196493044
7-Apr-08,Donald L. Kohn,816,0.114606738,0,0.105617978,0.208988771,0.442696631,0
9-Apr-08,Ben S. Bernanke,817,0,0,0,0.357414454,0.490494311,0
10-Apr-08,Ben S. Bernanke,818,0.404328018,0,0,0,0,0.35592255
14-Apr-08,Kevin Warsh,819,0.567174077,0.109199204,0,0.099272005,0.077432163,0.09000662
17-Apr-08,Donald L. Kohn,820,0.526845634,0,0,0,0.112655804,0.258868635
21-Apr-08,Randall S. Kroszner,821,0.230359524,0,0,0,0.477363527,0.158455387
5-May-08,Ben S. Bernanke,822,0.057818659,0.149802893,0.053876478,0,0.613009214,0.073587388
7-May-08,Randall S. Kroszner,823,0,0,0,0,0.733116865,0.097402595
13-May-08,Ben S. Bernanke,824,0.767821789,0,0,0,0,0
14-May-08,Randall S. Kroszner,825,0,0,0,0,0,0.839933097
15-May-08,Ben S. Bernanke,826,0.306411833,0,0,0,0,0.55856967
15-May-08,Frederic S. Mishkin,827,0.233493179,0.127259314,0.466986358,0,0.052379195,0.068609372
20-May-08,Donald L. Kohn,828,0.188940093,0.497695863,0.099654377,0,0.107718892,0
21-May-08,Kevin Warsh,829,0.207900211,0.123700626,0.480249494,0,0,0
22-May-08,Randall S. Kroszner,830,0,0,0,0,0.309595644,0.36089319
29-May-08,Donald L. Kohn,831,0.769828916,0,0,0,0,0
29-May-08,Ben S. Bernanke,832,0.778217793,0,0,0,0,0
3-Jun-08,Ben S. Bernanke,833,0.277557492,0.39888978,0.092783503,0,0.134020612,0
4-Jun-08,Ben S. Bernanke,834,0,0.330409348,0,0.370175451,0,0
6-Jun-08,Randall S. Kroszner,835,0.327886701,0,0,0,0.229847491,0.352396518
9-Jun-08,Ben S. Bernanke,836,0,0.223645896,0.596389055,0.065812461,0,0
11-Jun-08,Donald L. Kohn,837,0,0,0.693245769,0,0,0
11-Jun-08,Randall S. Kroszner,838,0.062091503,0,0,0.127450988,0.543790877,0.172549024
12-Jun-08,Ben S. Bernanke,839,0,0,0.190476194,0.30532214,0.221288517,0.196078435
16-Jun-08,Ben S. Bernanke,840,0,0.156458795,0,0.5,0,0.159799561
26-Jun-08,Donald L. Kohn,841,0.182676286,0.313714594,0,0.332592994,0,0
2-Jul-08,Frederic S. Mishkin,842,0.484564513,0.22767365,0.064498343,0.062293276,0.100882031,0
8-Jul-08,Ben S. Bernanke,843,0.605012536,0,0,0,0,0.250626564
17-Jul-08,Randall S. Kroszner,844,0,0,0.068501532,0,0.58960247,0.230581045
28-Jul-08,Frederic S. Mishkin,845,0,0,0,0,0,0
28-Jul-08,Kevin Warsh,846,0.461818188,0.101818182,0,0.163636357,0.123636365,0.076363638
22-Aug-08,Ben S. Bernanke,847,0.495456964,0,0,0,0,0.351683587
1-Sep-08,Randall S. Kroszner,848,0.19040902,0.428772926,0.088857546,0.223554298,0,0
9-Sep-08,Ben S. Bernanke,849,0,0,0,0.631097555,0.246951222,0
11-Sep-08,Donald L. Kohn,850,0.42920354,0.163716808,0,0,0.118362829,0.131637171
7-Oct-08,Ben S. Bernanke,851,0.614634156,0.158536583,0,0,0.088414632,0
14-Oct-08,Ben S. Bernanke,852,0.50359714,0.115107916,0,0.129496396,0.071942449,0.129496396
15-Oct-08,Ben S. Bernanke,853,0.62853384,0.140039444,0,0,0,0.094674557
15-Oct-08,Donald L. Kohn,854,0.370816588,0.44979921,0,0,0,0
20-Oct-08,Randall S. Kroszner,855,0.353409082,0,0,0,0,0.503977299
31-Oct-08,Ben S. Bernanke,856,0.394279301,0,0,0,0.311833978,0.174425125
6-Nov-08,Kevin Warsh,857,0.513301075,0.117896013,0,0.110036276,0.090689242,0.08948005
12-Nov-08,Donald L. Kohn,858,0.472420514,0.182998046,0.081116155,0,0.073329009,0.138221934
14-Nov-08,Ben S. Bernanke,859,0.602755427,0,0.106773823,0.080367394,0,0.091848448
19-Nov-08,Donald L. Kohn,860,0.178910971,0.218236819,0.415298194,0,0.097666375,0
1-Dec-08,Ben S. Bernanke,861,0.62238121,0.193663776,0.059785385,0,0,0.061318345
3-Dec-08,Randall S. Kroszner,862,0.053804349,0,0,0,0.752717376,0.058152173
4-Dec-08,Randall S. Kroszner,863,0.413461536,0,0,0,0.332167834,0.138111889
4-Dec-08,Ben S. Bernanke,864,0.187252969,0.132411063,0,0,0.555335939,0
8-Dec-08,Donald L. Kohn,865,0.517890751,0,0,0,0.180790961,0.146892652
8-Dec-08,Randall S. Kroszner,866,0.484117657,0,0,0.09470588,0,0.310588241
13-Jan-09,Ben S. Bernanke,867,0.60348165,0.127272725,0.118375242,0,0,0.086653769
11-Feb-09,Elizabeth A. Duke,868,0.135717779,0.140127391,0,0,0.613914728,0
16-Feb-09,Elizabeth A. Duke,869,0.111772791,0.125057265,0,0,0.608795226,0.062299587
18-Feb-09,Ben S. Bernanke,870,0.548301458,0.080148622,0.187898085,0,0.110403396,0
24-Feb-09,Elizabeth A. Duke,871,0.069076821,0,0,0,0.625564873,0.153647512
7-Mar-09,Ben S. Bernanke,872,0,0,0,0.680487812,0.126829267,0
10-Mar-09,Ben S. Bernanke,873,0.510676146,0,0,0,0,0
20-Mar-09,Ben S. Bernanke,874,0.429649591,0,0,0,0.210781679,0.25822103
30-Mar-09,Elizabeth A. Duke,875,0.431801349,0.233506307,0,0,0.217197925,0
3-Apr-09,Ben S. Bernanke,876,0.704218626,0,0.086768933,0,0.099712372,0
3-Apr-09,Donald L. Kohn,877,0.54161489,0.193788826,0,0,0.103933744,0.072049692
6-Apr-09,Kevin Warsh,878,0.504404008,0.221961245,0.09806224,0,0,0
14-Apr-09,Ben S. Bernanke,879,0.487098485,0.106898367,0,0.091100581,0.155871511,0.083201684
17-Apr-09,Ben S. Bernanke,880,0.13550885,0,0,0,0.521570802,0.134955749
18-Apr-09,Donald L. Kohn,881,0.581419647,0,0.199373692,0,0,0
20-Apr-09,Donald L. Kohn,882,0.245515123,0.507944643,0.089697592,0,0,0
7-May-09,Ben S. Bernanke,883,0.292414606,0,0,0,0,0.555298209
11-May-09,Ben S. Bernanke,884,0.19876416,0.102986611,0.088053554,0,0,0.522142112
22-May-09,Ben S. Bernanke,885,0.090232559,0,0.159069762,0.493953496,0.101395346,0.078139536
23-May-09,Donald L. Kohn,886,0.392766505,0,0.271573603,0,0,0
4-Jun-09,Ben S. Bernanke,887,0.200657889,0,0.654605269,0,0,0
8-Jun-09,Daniel K. Tarullo,888,0,0,0,0,0,0.47136721
10-Jun-09,Elizabeth A. Duke,889,0.132426634,0,0,0.098783106,0.523979962,0.130279168
15-Jun-09,Daniel K. Tarullo,890,0.293601006,0,0,0,0.184441656,0.388331234
15-Jun-09,Elizabeth A. Duke,891,0.530538142,0.217563555,0.054803565,0,0.135028064,0
16-Jun-09,Kevin Warsh,892,0,0.321890831,0.168261111,0.276871145,0,0
17-Jun-09,Ben S. Bernanke,893,0.138098538,0,0,0.105482303,0.601665497,0
26-Jun-09,Ben S. Bernanke,894,0,0.110749185,0.283387631,0.358306199,0.1237785,0
9-Jul-09,Elizabeth A. Duke,895,0.171910971,0,0,0,0.363775909,0.340752125
10-Jul-09,Donald L. Kohn,896,0.545454562,0.0976431,0,0,0,0.183501691
21-Aug-09,Brian F. Madigan,897,0.732301533,0,0.076239608,0,0,0.081685297
21-Aug-09,Ben S. Bernanke,898,0.731541336,0.099693775,0,0,0,0
25-Aug-09,Daniel K. Tarullo,899,0,0,0,0.070803501,0.696101844,0.093874305
10-Sep-09,Donald L. Kohn,900,0.452354878,0,0.34063527,0,0.074479736,0
14-Sep-09,Elizabeth A. Duke,901,0.245998815,0,0,0,0.091879077,0.56075877
15-Sep-09,Ben S. Bernanke,902,0.732902348,0.089145966,0,0,0,0
25-Sep-09,Kevin Warsh,903,0.212922171,0.279735684,0.307635844,0.102055803,0,0
25-Sep-09,Ben S. Bernanke,904,0.247588426,0,0,0,0.540192902,0.086816721
30-Sep-09,Donald L. Kohn,905,0.372822315,0.186411157,0.266550511,0,0,0.080139376
8-Oct-09,Ben S. Bernanke,906,0.688960493,0.081385978,0.113618053,0,0,0
8-Oct-09,Daniel K. Tarullo,907,0.321524054,0.175802141,0.075534761,0.104946524,0,0.272058815
9-Oct-09,Donald L. Kohn,908,0.288327068,0,0.559978485,0,0,0
13-Oct-09,Donald L. Kohn,909,0.098765433,0.666078806,0.12815991,0,0,0
19-Oct-09,Ben S. Bernanke,910,0.247756734,0.398803592,0,0.270189434,0,0
21-Oct-09,Daniel K. Tarullo,911,0.477244765,0,0,0,0,0
23-Oct-09,Donald L. Kohn,912,0.516898632,0.061630219,0,0.077534795,0,0.25447315
23-Oct-09,Ben S. Bernanke,913,0.336094171,0,0,0,0,0.530514359
2-Nov-09,Daniel K. Tarullo,914,0,0,0,0,0,0.771210015
9-Nov-09,Daniel K. Tarullo,915,0,0,0,0,0,0.513429105
10-Nov-09,Daniel K. Tarullo,916,0.3393417,0,0,0,0,0.525862098
16-Nov-09,Ben S. Bernanke,917,0.234187141,0.451646626,0,0,0.142185047,0
16-Nov-09,Donald L. Kohn,918,0.447106689,0.176311031,0.254520804,0,0,0
7-Dec-09,Ben S. Bernanke,919,0.359173119,0.198449612,0.117312662,0,0,0.16382429
9-Dec-09,Elizabeth A. Duke,920,0,0,0,0.173763737,0.67032969,0
10-Dec-09,Elizabeth A. Duke,921,0.185830429,0,0,0.08130081,0.56736356,0.077816494
3-Jan-10,Ben S. Bernanke,922,0,0.173695073,0.59775877,0,0.091123566,0
3-Jan-10,Donald L. Kohn,923,0.344000012,0,0.306909084,0,0,0
4-Jan-10,Elizabeth A. Duke,924,0,0.530918181,0,0,0.245471582,0
29-Jan-10,Donald L. Kohn,925,0.308092058,0.297698587,0.104677059,0,0,0.224201933
3-Feb-10,Ben S. Bernanke,926,0.225165561,0,0.21192053,0.20198676,0,0.178807944
3-Feb-10,Kevin Warsh,927,0.400154799,0,0.086687304,0.143962845,0,0.265479863
18-Feb-10,Elizabeth A. Duke,928,0.48974359,0,0.07333333,0.086666666,0.235897437,0.058974359
26-Feb-10,Daniel K. Tarullo,929,0.310546875,0,0,0,0,0.572265625
18-Mar-10,Daniel K. Tarullo,930,0.406098396,0,0,0,0,0.477477491
20-Mar-10,Ben S. Bernanke,931,0.32992503,0,0,0,0.233810499,0.260395378
24-Mar-10,Donald L. Kohn,932,0.454939753,0,0.371566266,0,0,0
26-Mar-10,Daniel K. Tarullo,933,0.230158731,0,0.071428575,0,0,0.597883582
26-Mar-10,Kevin Warsh,934,0.293289155,0.103562549,0.371168196,0.097763047,0,0
31-Mar-10,Elizabeth A. Duke,935,0.227692306,0,0,0,0.424615383,0.214871794
7-Apr-10,Ben S. Bernanke,936,0.451348752,0.146435454,0,0,0.127167627,0.147880539
8-Apr-10,Ben S. Bernanke,937,0.530476213,0,0.157142863,0.181904763,0,0
8-Apr-10,Daniel K. Tarullo,938,0.336076826,0.139231831,0,0,0.220164612,0.172839507
8-Apr-10,Donald L. Kohn,939,0.099148415,0.562043786,0.186739653,0,0.0553528,0
8-Apr-10,Elizabeth A. Duke,940,0.070754714,0,0,0.367924541,0.44339624,0
13-Apr-10,Daniel K. Tarullo,941,0.383404851,0,0,0,0,0.487839758
13-Apr-10,Ben S. Bernanke,942,0.106617644,0,0,0.169117644,0.569852948,0.080882356
19-Apr-10,Elizabeth A. Duke,943,0,0.16447714,0,0.171308458,0.510772467,0
21-Apr-10,Ben S. Bernanke,944,0.310734451,0.11299435,0.129943505,0.21468927,0.146892652,0
27-Apr-10,Ben S. Bernanke,945,0.090909094,0.448484838,0.07121212,0.262121201,0.06818182,0
1-May-10,Elizabeth A. Duke,946,0.067781687,0.071302816,0,0.313380271,0.404049307,0.093309857
6-May-10,Ben S. Bernanke,947,0.241662115,0,0,0,0.140513942,0.539639175
8-May-10,Ben S. Bernanke,948,0,0,0.203205496,0.617630243,0.089868344,0
11-May-10,Donald L. Kohn,949,0.284941375,0.469792604,0,0.11361587,0,0
13-May-10,Donald L. Kohn,950,0.597421229,0.089899711,0.217765048,0,0,0
25-May-10,Ben S. Bernanke,951,0.15435648,0,0.665192366,0,0,0.079168506
30-May-10,Ben S. Bernanke,952,0.474017739,0,0.145754114,0.182509512,0,0
3-Jun-10,Ben S. Bernanke,953,0.091778204,0.107074566,0,0,0.57552582,0.091778204
8-Jun-10,Elizabeth A. Duke,954,0.252941191,0,0,0,0.447058827,0.112834223
9-Jun-10,Ben S. Bernanke,955,0,0.097156398,0,0.376777261,0.39810428,0
16-Jun-10,Ben S. Bernanke,956,0,0,0,0,0,0.490526319
28-Jun-10,Kevin Warsh,957,0.307628512,0.274461031,0.2570481,0,0,0
30-Jun-10,Elizabeth A. Duke,958,0,0.212355211,0,0,0.500275791,0.126309991
12-Jul-10,Elizabeth A. Duke,959,0,0,0,0,0.690085888,0.131147534
12-Jul-10,Ben S. Bernanke,960,0.140522882,0.089324616,0,0,0.595860541,0.075163402
15-Jul-10,Elizabeth A. Duke,961,0.097276263,0,0,0,0.5252918,0.268482476
2-Aug-10,Ben S. Bernanke,962,0,0.383844018,0,0.283008367,0.171030641,0
27-Aug-10,Ben S. Bernanke,963,0.24132365,0.378127515,0.259483457,0,0,0
1-Sep-10,Elizabeth A. Duke,964,0.082593858,0,0.062116042,0.102389075,0.65051192,0
17-Sep-10,Daniel K. Tarullo,965,0.439828068,0,0,0,0,0.385386825
24-Sep-10,Ben S. Bernanke,966,0.460422575,0,0.207820877,0,0,0.185115099
24-Sep-10,Elizabeth A. Duke,967,0,0,0,0,0.487603307,0.26859504
30-Sep-10,Ben S. Bernanke,968,0.128712878,0,0.092409238,0.508250833,0.194719478,0
4-Oct-10,Ben S. Bernanke,969,0.092482425,0.458085448,0.148188204,0.176311523,0.064359114,0
11-Oct-10,Janet L. Yellen,970,0.411000311,0,0.242671505,0,0,0.205500156
15-Oct-10,Ben S. Bernanke,971,0,0.315693438,0.528284669,0,0,0
19-Oct-10,Ben S. Bernanke,972,0.088050313,0,0,0.547169805,0.188679248,0.075471699
19-Oct-10,Elizabeth A. Duke,973,0.063631058,0,0.690017521,0.089316987,0,0.062463515
25-Oct-10,Ben S. Bernanke,974,0.120234601,0,0,0.070381232,0.592375338,0.107038125
8-Nov-10,Kevin Warsh,975,0.195332751,0.277441651,0.21348314,0.216076061,0,0
12-Nov-10,Daniel K. Tarullo,976,0.184544399,0,0,0,0.057093427,0.629757762
12-Nov-10,Sarah Bloom Raskin,977,0.100330032,0,0,0.085808583,0.487788767,0.205280527
19-Nov-10,Ben S. Bernanke,978,0.417193413,0.078381792,0.300884962,0.065739572,0,0.087231353
19-Nov-10,Ben S. Bernanke,979,0.229827747,0.376699895,0,0.182683587,0,0
1-Dec-10,Janet L. Yellen,980,0.147111908,0.456678689,0.175090253,0.143501803,0,0
2-Dec-10,Elizabeth A. Duke,981,0,0.239835307,0,0,0.595470905,0.067936182
7-Jan-11,Elizabeth A. Duke,982,0.197537199,0.475115448,0.202154949,0,0,0
8-Jan-11,Janet L. Yellen,983,0,0.287878782,0.410058022,0,0,0
2-Feb-11,Elizabeth A. Duke,984,0.164268583,0,0.318944842,0.200239807,0.204436451,0
3-Feb-11,Ben S. Bernanke,985,0.189090908,0.510545433,0.163636357,0,0,0
11-Feb-11,Sarah Bloom Raskin,986,0.150472328,0.121457487,0,0,0.404858291,0.176113367
18-Feb-11,Ben S. Bernanke,987,0.363473594,0.256938219,0.080572963,0.203222916,0,0
25-Feb-11,Janet L. Yellen,988,0.196183667,0,0.637447834,0,0,0
2-Mar-11,Ben S. Bernanke,989,0.056551725,0.429655164,0,0.257241368,0.162068963,0
4-Mar-11,Janet L. Yellen,990,0.39094159,0.207389757,0.117997617,0.16567342,0,0
23-Mar-11,Ben S. Bernanke,991,0.217484012,0,0,0,0,0.484008521
24-Mar-11,Elizabeth A. Duke,992,0.073432833,0.380895525,0,0,0.404179096,0
31-Mar-11,Daniel K. Tarullo,993,0.499192238,0,0,0,0,0
4-Apr-11,Ben S. Bernanke,994,0.60700196,0,0,0,0.074457593,0.206114396
7-Apr-11,Sarah Bloom Raskin,995,0.176854596,0,0,0,0.099109791,0.600000024
11-Apr-11,Janet L. Yellen,996,0,0.597961009,0,0,0,0
14-Apr-11,Elizabeth A. Duke,997,0,0,0,0,0.598722696,0
28-Apr-11,Elizabeth A. Duke,998,0,0.054577466,0.054577466,0.169014081,0.639084518,0
29-Apr-11,Ben S. Bernanke,999,0,0.155572757,0,0.144736841,0.621517003,0
5-May-11,Ben S. Bernanke,1000,0,0,0,0,0,0.468614727
6-May-11,Janet L. Yellen,1001,0.277861834,0,0.136661619,0.31618759,0,0.157841653
10-May-11,Elizabeth A. Duke,1002,0.069483049,0,0,0.092273489,0.700389087,0
12-May-11,Ben S. Bernanke,1003,0,0.054054055,0.100386098,0.617760599,0.065637067,0.111969113
16-May-11,Ben S. Bernanke,1004,0,0.124383561,0.138630137,0.59561646,0.053150684,0
24-May-11,Elizabeth A. Duke,1005,0.102124184,0.09640523,0,0.362745106,0.334150314,0
1-Jun-11,Janet L. Yellen,1006,0.485426605,0.200847909,0.095389508,0,0,0.118706942
3-Jun-11,Daniel K. Tarullo,1007,0,0.676428199,0.15026404,0.084973596,0,0
7-Jun-11,Ben S. Bernanke,1008,0,0.196190476,0,0,0.600000024,0.078095235
9-Jun-11,Janet L. Yellen,1009,0.121301778,0.452662736,0.151873767,0.135108486,0.079881653,0
14-Jun-11,Ben S. Bernanke,1010,0,0.11286255,0,0.251576304,0.45964691,0
29-Jun-11,Sarah Bloom Raskin,1011,0.218249083,0.437114686,0.139950678,0.083230577,0,0
26-Aug-11,Ben S. Bernanke,1012,0,0.154791161,0,0,0.605036855,0
1-Sep-11,Elizabeth A. Duke,1013,0.176515147,0.559090912,0.114393942,0,0.062878788,0
8-Sep-11,Ben S. Bernanke,1014,0.341463417,0,0.285714298,0,0.132404178,0.160278752
15-Sep-11,Ben S. Bernanke,1015,0.342612416,0,0,0.130620986,0,0.389186293
15-Sep-11,Daniel K. Tarullo,1016,0,0.272058815,0.355203629,0,0.195701361,0
26-Sep-11,Sarah Bloom Raskin,1017,0,0.1153097,0.165562913,0.550448,0,0
28-Sep-11,Ben S. Bernanke,1018,0.162540361,0,0,0.080731973,0.514531732,0.129171148
4-Oct-11,Sarah Bloom Raskin,1019,0.374744385,0,0.451942742,0,0,0
18-Oct-11,Ben S. Bernanke,1020,0,0.46059972,0.16248256,0.162831247,0.102161787,0
20-Oct-11,Daniel K. Tarullo,1021,0,0.461313874,0.293430656,0,0,0
21-Oct-11,Janet L. Yellen,1022,0,0.144322842,0,0.230506152,0.464432299,0
22-Oct-11,Elizabeth A. Duke,1023,0,0,0,0,0,0.612937987
4-Nov-11,Daniel K. Tarullo,1024,0,0,0,0,0,0.620485187
4-Nov-11,Daniel K. Tarullo,1025,0,0,0,0.081967212,0.735883415,0
9-Nov-11,Ben S. Bernanke,1026,0,0,0,0.060109291,0.748633862,0.060109291
9-Nov-11,Ben S. Bernanke,1027,0,0,0,0,0,0.688845396
9-Nov-11,Daniel K. Tarullo,1028,0.144117653,0.156862751,0,0.308823526,0.213725492,0.109803922
10-Nov-11,Ben S. Bernanke,1029,0.465378433,0,0.099302202,0,0,0.315619975
11-Nov-11,Janet L. Yellen,1030,0.105837077,0.53816551,0.101988457,0.181526616,0,0
29-Nov-11,Janet L. Yellen,1031,0.105876863,0.483675361,0,0,0.317630589,0
6-Jan-12,Elizabeth A. Duke,1032,0.139889196,0.125577107,0,0,0.22807017,0.399353653
6-Jan-12,Sarah Bloom Raskin,1033,0,0.069767445,0.063352048,0.086607859,0.460304737,0.267842829
7-Jan-12,Sarah Bloom Raskin,1034,0.056549057,0,0,0,0.359110683,0.468342185
13-Jan-12,Elizabeth A. Duke,1035,0.161952302,0,0.41819191,0.148086518,0.171935663,0
16-Jan-12,Elizabeth A. Duke,1036,0.147531897,0,0.424847484,0.164170831,0.18524681,0
31-Aug-12,Ben S. Bernanke,1037,0.231505662,0,0.536988676,0,0,0
7-Aug-12,Ben S. Bernanke,1038,0.095238097,0,0.089743592,0.461538464,0.274725288,0
6-Aug-12,Ben S. Bernanke,1039,0,0.101990052,0.217661694,0.463930339,0.092039801,0
23-Jul-12,Sarah Bloom Raskin,1040,0.180278286,0,0,0.21778585,0.147610411,0.356926799
24-Jul-12,Ben S. Bernanke,1041,0,0,0,0.696969688,0.149621218,0
20-Jul-12,Elizabeth A. Duke,1042,0.490963846,0,0.140060246,0,0,0.1754518
12-Jun-12,Daniel K. Tarullo,1043,0.688109159,0,0,0,0,0.161306038
6-Jun-12,Janet L. Yellen,1044,0,0.312404275,0.576416552,0,0,0
15-May-12,Elizabeth A. Duke,1045,0.075689226,0.272681713,0,0,0.532330811,0
10-May-12,Ben S. Bernanke,1046,0.263647646,0,0,0,0.243176177,0.239454091
2-May-12,Daniel K. Tarullo,1047,0.501525342,0,0,0,0,0
13-Apr-12,Ben S. Bernanke,1048,0.688394248,0,0,0,0,0.151430845
12-Apr-12,Sarah Bloom Raskin,1049,0.091631033,0.560781896,0,0,0.233964562,0
11-Apr-12,Janet L. Yellen,1050,0,0,0.592013896,0,0,0
10-Apr-12,Daniel K. Tarullo,1051,0.158054709,0.105167173,0,0,0,0.627963543
9-Apr-12,Ben S. Bernanke,1052,0.528008282,0,0,0,0,0
27-Mar-12,Elizabeth A. Duke,1053,0,0,0,0,0.745345771,0
26-Mar-12,Ben S. Bernanke,1054,0,0.654392183,0.182342499,0,0,0
23-Mar-12,Ben S. Bernanke,1055,0.361370713,0,0.339563876,0,0,0.152647972
14-Mar-12,Ben S. Bernanke,1056,0,0,0,0,0,0.417310655
1-Mar-12,Sarah Bloom Raskin,1057,0.11943987,0.556836903,0.168863267,0,0.093904451,0
16-Feb-12,Ben S. Bernanke,1058,0,0,0.080918536,0,0.335155815,0.456533611
10-Feb-12,Ben S. Bernanke,1059,0.077212803,0.241054609,0.058380414,0,0.545197725,0
16-Feb-12,Ben S. Bernanke,1060,0.092946969,0,0,0,0.313285947,0.473482788
1-Mar-12,Sarah Bloom Raskin,1061,0.102965407,0.533772647,0.188632622,0,0.111202635,0
14-Mar-12,Ben S. Bernanke,1062,0,0.05255023,0,0,0.421947449,0.412673891
23-Mar-12,Ben S. Bernanke,1063,0.355140179,0,0.34579438,0,0,0.165109038
26-Mar-12,Ben S. Bernanke,1064,0,0.657941461,0.170363799,0,0,0
27-Mar-12,Elizabeth A. Duke,1065,0,0,0,0,0.732712746,0
9-Apr-12,Ben S. Bernanke,1066,0.53163898,0,0,0,0,0
10-Apr-12,Daniel K. Tarullo,1067,0.181762919,0,0,0,0,0.633434653
11-Apr-12,Janet L. Yellen,1068,0,0,0.595138907,0,0,0
12-Apr-12,Sarah Bloom Raskin,1069,0.081857055,0.566279769,0,0,0.24434942,0
13-Apr-12,Ben S. Bernanke,1070,0.68640697,0,0,0,0,0.151430845
2-May-12,Daniel K. Tarullo,1071,0.502135456,0,0,0,0,0
10-May-12,Ben S. Bernanke,1072,0.262406945,0,0,0,0.238213405,0.240074441
15-May-12,Elizabeth A. Duke,1073,0.082205512,0.271177948,0,0,0.526817024,0
6-Jun-12,Janet L. Yellen,1074,0,0.29341501,0.587442577,0,0,0
12-Jun-12,Daniel K. Tarullo,1075,0.694931746,0,0,0,0,0.158382073
20-Jul-12,Elizabeth A. Duke,1076,0.512048185,0,0.150602415,0,0,0.149096385
23-Jul-12,Sarah Bloom Raskin,1077,0.169388995,0,0,0.195402294,0.175438598,0.358136714
24-Jul-12,Ben S. Bernanke,1078,0,0,0,0.685606062,0.153409094,0
6-Aug-12,Ben S. Bernanke,1079,0,0,0.236318409,0.458955228,0.087064676,0.097014926
7-Aug-12,Ben S. Bernanke,1080,0.102564104,0,0,0.452380955,0.302197814,0.067765571
31-Aug-12,Ben S. Bernanke,1081,0.230345234,0,0.554685235,0,0,0
1-Oct-12,Ben S. Bernanke,1082,0.197724804,0.172264352,0.371614307,0,0.105092093,0.101300105
5-Oct-12,Elizabeth A. Duke,1083,0,0.164634153,0,0,0.676448166,0
10-Oct-12,Daniel K. Tarullo,1084,0.382415861,0,0,0,0,0.451663107
11-Oct-12,Jeremy C. Stein,1085,0.224262059,0,0.559755206,0,0,0
11-Oct-12,Janet L. Yellen,1086,0.090128757,0.577968538,0,0.214592278,0,0
14-Oct-12,Ben S. Bernanke,1087,0.210112363,0.339325845,0.286516845,0,0,0
9-Nov-12,Elizabeth A. Duke,1088,0,0,0,0,0.531895339,0.305185854
13-Nov-12,Janet L. Yellen,1089,0.088260494,0,0.756640971,0,0,0
15-Nov-12,Ben S. Bernanke,1090,0,0.203159034,0,0.056644879,0.609477103,0
20-Nov-12,Ben S. Bernanke,1091,0.181538463,0.508131862,0.204835162,0,0,0
28-Nov-12,Daniel K. Tarullo,1092,0.360243708,0,0,0,0.056359481,0.480959624
30-Nov-12,Jeremy C. Stein,1093,0.177022278,0.341148883,0.343493551,0,0,0
4-Dec-12,Daniel K. Tarullo,1094,0.365229756,0,0,0.123164378,0,0.361440063
17-Dec-12,Jeremy C. Stein,1095,0.635675669,0.078918919,0,0,0,0.139459461
4-Jan-13,Janet L. Yellen,1096,0.539125741,0,0.078251481,0,0,0.252833247
5-Feb-13,Elizabeth A. Duke,1097,0.093465045,0,0,0,0.443009108,0.337765962
7-Feb-13,Jeremy C. Stein,1098,0.41006732,0.109329917,0.268996477,0,0,0.106444374
11-Feb-13,Janet L. Yellen,1099,0.093513057,0.463352978,0.274220735,0.085930921,0,0
22-Feb-13,Daniel K. Tarullo,1100,0.432971805,0,0,0,0,0.405639917
22-Feb-13,Jerome H. Powell,1101,0.152899832,0.277680129,0.441124767,0,0,0
28-Feb-13,Sarah Bloom Raskin,1102,0,0,0,0.205525935,0.21619001,0.347552121
1-Mar-13,Ben S. Bernanke,1103,0.203526258,0.209275588,0.510923743,0,0,0
4-Mar-13,Jerome H. Powell,1104,0.418803424,0,0,0,0,0.422402173
4-Mar-13,Janet L. Yellen,1105,0,0.261221737,0.502193749,0,0,0
8-Mar-13,Elizabeth A. Duke,1106,0.099823631,0.26560846,0.063492067,0,0.494532615,0
22-Mar-13,Sarah Bloom Raskin,1107,0.070620187,0.143503845,0.073789045,0.26844725,0.383884102,0
25-Mar-13,Ben S. Bernanke,1108,0.270967752,0,0.283870965,0.316129029,0,0
4-Apr-13,Janet L. Yellen,1109,0.125562787,0.112556279,0.629314661,0,0,0
4-Apr-13,Ben S. Bernanke,1110,0,0,0.158249155,0.400673389,0.21548821,0.114478111
8-Apr-13,Ben S. Bernanke,1111,0.205374286,0.069097891,0,0,0,0.609404981
12-Apr-13,Ben S. Bernanke,1112,0,0,0,0.342687547,0.50026983,0
16-Apr-13,Janet L. Yellen,1113,0.208206683,0,0.544072926,0,0,0.092705168
17-Apr-13,Jeremy C. Stein,1114,0.325123161,0,0.171710059,0,0,0.361013383
18-Apr-13,Sarah Bloom Raskin,1115,0,0.444486976,0.118300155,0.143185303,0.217840731,0
19-Apr-13,Jeremy C. Stein,1116,0.484662563,0.101431496,0.123108387,0,0,0.19468303
